sample_kind,thermal_variant_id,run_id,time_s,time_ns,collector_inner_voltage_v,ic_a_um,tmax_k,tpre_k,delta_t_k,power_w_um,cumulative_port_energy_j_um,phase,source_file,source_row,diagnostic_only
raw_transient,R1_THERMO_COUPLED_TCONT300,A01_v2500_let15_y3p5_thermal__R1_thermo_coupled_to60__20260713T064449946Z__1d9cd23a,1e-13,0.0001,2500.0,1.31235387961e-07,324.633215689,324.633215689,0.0,0.00032808846990250003,0.0,pre_strike,local_runtime/igbt_seb_thermal_runs/A01_v2500_let15_y3p5_thermal__R1_thermo_coupled_to60__20260713T064449946Z__1d9cd23a/postprocess/r1_transient_raw.csv,2,True
raw_transient,R1_THERMO_COUPLED_TCONT300,A01_v2500_let15_y3p5_thermal__R1_thermo_coupled_to60__20260713T064449946Z__1d9cd23a,2.5e-13,0.00025,2500.0,1.31249127504e-07,324.633215689,324.633215689,0.0,0.00032812281876000004,4.92158466496875e-17,pre_strike,local_runtime/igbt_seb_thermal_runs/A01_v2500_let15_y3p5_thermal__R1_thermo_coupled_to60__20260713T064449946Z__1d9cd23a/postprocess/r1_transient_raw.csv,3,True
raw_transient,R1_THERMO_COUPLED_TCONT300,A01_v2500_let15_y3p5_thermal__R1_thermo_coupled_to60__20260713T064449946Z__1d9cd23a,4.75e-13,0.000475,2500.0,1.3124913434e-07,324.633215689,324.633215689,0.0,0.00032812283585,1.230434827933125e-16,pre_strike,local_runtime/igbt_seb_thermal_runs/A01_v2500_let15_y3p5_thermal__R1_thermo_coupled_to60__20260713T064449946Z__1d9cd23a/postprocess/r1_transient_raw.csv,4,True
raw_transient,R1_THERMO_COUPLED_TCONT300,A01_v2500_let15_y3p5_thermal__R1_thermo_coupled_to60__20260713T064449946Z__1d9cd23a,8.125e-13,0.0008125000000000001,2500.0,1.3124913084e-07,324.633215689,324.633215689,0.0,0.00032812282709999995,2.33784938416125e-16,pre_strike,local_runtime/igbt_seb_thermal_runs/A01_v2500_let15_y3p5_thermal__R1_thermo_coupled_to60__20260713T064449946Z__1d9cd23a/postprocess/r1_transient_raw.csv,5,True
raw_transient,R1_THERMO_COUPLED_TCONT300,A01_v2500_let15_y3p5_thermal__R1_thermo_coupled_to60__20260713T064449946Z__1d9cd23a,1.31875e-12,0.00131875,2500.0,1.31249131705e-07,324.633215689,324.633215689,0.0,0.0003281228292625,3.998971201828828e-16,pre_strike,local_runtime/igbt_seb_thermal_runs/A01_v2500_let15_y3p5_thermal__R1_thermo_coupled_to60__20260713T064449946Z__1d9cd23a/postprocess/r1_transient_raw.csv,6,True
raw_transient,R1_THERMO_COUPLED_TCONT300,A01_v2500_let15_y3p5_thermal__R1_thermo_coupled_to60__20260713T064449946Z__1d9cd23a,2.078125e-12,0.002078125,2500.0,1.31249136954e-07,324.633215689,324.633215689,0.0,0.000328122842385,6.49065398636543e-16,pre_strike,local_runtime/igbt_seb_thermal_runs/A01_v2500_let15_y3p5_thermal__R1_thermo_coupled_to60__20260713T064449946Z__1d9cd23a/postprocess/r1_transient_raw.csv,7,True
raw_transient,R1_THERMO_COUPLED_TCONT300,A01_v2500_let15_y3p5_thermal__R1_thermo_coupled_to60__20260713T064449946Z__1d9cd23a,3.2171875e-12,0.0032171875,2500.0,1.31249132345e-07,324.633215689,324.633215689,0.0,0.00032812283086250003,1.0228178172282833e-15,pre_strike,local_runtime/igbt_seb_thermal_runs/A01_v2500_let15_y3p5_thermal__R1_thermo_coupled_to60__20260713T064449946Z__1d9cd23a/postprocess/r1_transient_raw.csv,8,True
raw_transient,R1_THERMO_COUPLED_TCONT300,A01_v2500_let15_y3p5_thermal__R1_thermo_coupled_to60__20260713T064449946Z__1d9cd23a,4.92578125e-12,0.0049257812500000005,2500.0,1.31249133479e-07,324.633215689,324.633215689,0.0,0.0003281228336975,1.5834464376941897e-15,pre_strike,local_runtime/igbt_seb_thermal_runs/A01_v2500_let15_y3p5_thermal__R1_thermo_coupled_to60__20260713T064449946Z__1d9cd23a/postprocess/r1_transient_raw.csv,9,True
raw_transient,R1_THERMO_COUPLED_TCONT300,A01_v2500_let15_y3p5_thermal__R1_thermo_coupled_to60__20260713T064449946Z__1d9cd23a,7.488671875e-12,0.007488671875,2500.0,1.3124913413e-07,324.633215689,324.633215689,0.0,0.000328122835325,2.4243893741114985e-15,pre_strike,local_runtime/igbt_seb_thermal_runs/A01_v2500_let15_y3p5_thermal__R1_thermo_coupled_to60__20260713T064449946Z__1d9cd23a/postprocess/r1_transient_raw.csv,10,True
raw_transient,R1_THERMO_COUPLED_TCONT300,A01_v2500_let15_y3p5_thermal__R1_thermo_coupled_to60__20260713T064449946Z__1d9cd23a,1.13330078125e-11,0.0113330078125,2500.0,1.31249133418e-07,324.633215689,324.633215689,0.0,0.00032812283354500003,3.685803778444332e-15,pre_strike,local_runtime/igbt_seb_thermal_runs/A01_v2500_let15_y3p5_thermal__R1_thermo_coupled_to60__20260713T064449946Z__1d9cd23a/postprocess/r1_transient_raw.csv,11,True
raw_transient,R1_THERMO_COUPLED_TCONT300,A01_v2500_let15_y3p5_thermal__R1_thermo_coupled_to60__20260713T064449946Z__1d9cd23a,1.70995117188e-11,0.0170995117188,2500.0,1.31249132798e-07,324.633215689,324.633215689,0.0,0.000328122831995,5.5779253753587585e-15,pre_strike,local_runtime/igbt_seb_thermal_runs/A01_v2500_let15_y3p5_thermal__R1_thermo_coupled_to60__20260713T064449946Z__1d9cd23a/postprocess/r1_transient_raw.csv,12,True
raw_transient,R1_THERMO_COUPLED_TCONT300,A01_v2500_let15_y3p5_thermal__R1_thermo_coupled_to60__20260713T064449946Z__1d9cd23a,2.57492675781e-11,0.0257492675781,2500.0,1.31249132996e-07,324.633215689,324.633215689,0.0,0.00032812283249000003,8.416107766118434e-15,pre_strike,local_runtime/igbt_seb_thermal_runs/A01_v2500_let15_y3p5_thermal__R1_thermo_coupled_to60__20260713T064449946Z__1d9cd23a/postprocess/r1_transient_raw.csv,13,True
raw_transient,R1_THERMO_COUPLED_TCONT300,A01_v2500_let15_y3p5_thermal__R1_thermo_coupled_to60__20260713T064449946Z__1d9cd23a,3.57492675781e-11,0.0357492675781,2500.0,1.31249132691e-07,324.633215689,324.633215689,0.0,0.0003281228317275,1.1697336087205935e-14,pre_strike,local_runtime/igbt_seb_thermal_runs/A01_v2500_let15_y3p5_thermal__R1_thermo_coupled_to60__20260713T064449946Z__1d9cd23a/postprocess/r1_transient_raw.csv,14,True
raw_transient,R1_THERMO_COUPLED_TCONT300,A01_v2500_let15_y3p5_thermal__R1_thermo_coupled_to60__20260713T064449946Z__1d9cd23a,4.57492675781e-11,0.0457492675781,2500.0,1.31249134988e-07,324.633215689,324.633215689,0.0,0.00032812283747,1.4978564433193433e-14,pre_strike,local_runtime/igbt_seb_thermal_runs/A01_v2500_let15_y3p5_thermal__R1_thermo_coupled_to60__20260713T064449946Z__1d9cd23a/postprocess/r1_transient_raw.csv,15,True
raw_transient,R1_THERMO_COUPLED_TCONT300,A01_v2500_let15_y3p5_thermal__R1_thermo_coupled_to60__20260713T064449946Z__1d9cd23a,5.57492675781e-11,0.0557492675781,2500.0,1.31249133417e-07,324.633215689,324.633215689,0.0,0.0003281228335425,1.8259792788255933e-14,pre_strike,local_runtime/igbt_seb_thermal_runs/A01_v2500_let15_y3p5_thermal__R1_thermo_coupled_to60__20260713T064449946Z__1d9cd23a/postprocess/r1_transient_raw.csv,16,True
raw_transient,R1_THERMO_COUPLED_TCONT300,A01_v2500_let15_y3p5_thermal__R1_thermo_coupled_to60__20260713T064449946Z__1d9cd23a,6.57492675781e-11,0.0657492675781,2500.0,1.31249133153e-07,324.633215689,324.633215689,0.0,0.00032812283288250003,2.1541021120380933e-14,pre_strike,local_runtime/igbt_seb_thermal_runs/A01_v2500_let15_y3p5_thermal__R1_thermo_coupled_to60__20260713T064449946Z__1d9cd23a/postprocess/r1_transient_raw.csv,17,True
raw_transient,R1_THERMO_COUPLED_TCONT300,A01_v2500_let15_y3p5_thermal__R1_thermo_coupled_to60__20260713T064449946Z__1d9cd23a,7.57492675781e-11,0.07574926757810001,2500.0,1.31249134161e-07,324.633215689,324.633215689,0.0,0.00032812283540249997,2.4822249461805934e-14,pre_strike,local_runtime/igbt_seb_thermal_runs/A01_v2500_let15_y3p5_thermal__R1_thermo_coupled_to60__20260713T064449946Z__1d9cd23a/postprocess/r1_transient_raw.csv,18,True
raw_transient,R1_THERMO_COUPLED_TCONT300,A01_v2500_let15_y3p5_thermal__R1_thermo_coupled_to60__20260713T064449946Z__1d9cd23a,8.57492675781e-11,0.0857492675781,2500.0,1.31249134229e-07,324.633215689,324.633215689,0.0,0.00032812283557250005,2.810347781668093e-14,pre_strike,local_runtime/igbt_seb_thermal_runs/A01_v2500_let15_y3p5_thermal__R1_thermo_coupled_to60__20260713T064449946Z__1d9cd23a/postprocess/r1_transient_raw.csv,19,True
raw_transient,R1_THERMO_COUPLED_TCONT300,A01_v2500_let15_y3p5_thermal__R1_thermo_coupled_to60__20260713T064449946Z__1d9cd23a,9.57492675781e-11,0.0957492675781,2500.0,3.49984953035e-05,324.633215838,324.633215689,1.4900001588102896e-07,0.08749623825875001,4.672252832882936e-13,ion_pulse,local_runtime/igbt_seb_thermal_runs/A01_v2500_let15_y3p5_thermal__R1_thermo_coupled_to60__20260713T064449946Z__1d9cd23a/postprocess/r1_transient_raw.csv,20,True
raw_transient,R1_THERMO_COUPLED_TCONT300,A01_v2500_let15_y3p5_thermal__R1_thermo_coupled_to60__20260713T064449946Z__1d9cd23a,9.68746337891e-11,0.0968746337891,2500.0,6.66764339138e-05,324.633215859,324.633215689,1.7000002117129043e-07,0.1666910847845,6.102521955970009e-13,ion_pulse,local_runtime/igbt_seb_thermal_runs/A01_v2500_let15_y3p5_thermal__R1_thermo_coupled_to60__20260713T064449946Z__1d9cd23a/postprocess/r1_transient_raw.csv,21,True
raw_transient,R1_THERMO_COUPLED_TCONT300,A01_v2500_let15_y3p5_thermal__R1_thermo_coupled_to60__20260713T064449946Z__1d9cd23a,9.8e-11,0.098,2500.0,2.8053901033e-05,324.63321588,324.633215689,1.910000264615519e-07,0.0701347525825,7.43510093217461e-13,ion_pulse,local_runtime/igbt_seb_thermal_runs/A01_v2500_let15_y3p5_thermal__R1_thermo_coupled_to60__20260713T064449946Z__1d9cd23a/postprocess/r1_transient_raw.csv,22,True
raw_transient,R1_THERMO_COUPLED_TCONT300,A01_v2500_let15_y3p5_thermal__R1_thermo_coupled_to60__20260713T064449946Z__1d9cd23a,9.82e-11,0.0982,2500.0,1.33835611591e-05,324.633215884,324.633215689,1.9499998415994924e-07,0.03345890289775,7.538694587654858e-13,ion_pulse,local_runtime/igbt_seb_thermal_runs/A01_v2500_let15_y3p5_thermal__R1_thermo_coupled_to60__20260713T064449946Z__1d9cd23a/postprocess/r1_transient_raw.csv,23,True
raw_transient,R1_THERMO_COUPLED_TCONT300,A01_v2500_let15_y3p5_thermal__R1_thermo_coupled_to60__20260713T064449946Z__1d9cd23a,9.84e-11,0.0984,2500.0,6.3430926002e-06,324.633215888,324.633215689,1.9899999870176543e-07,0.015857731500500002,7.58801122205311e-13,ion_pulse,local_runtime/igbt_seb_thermal_runs/A01_v2500_let15_y3p5_thermal__R1_thermo_coupled_to60__20260713T064449946Z__1d9cd23a/postprocess/r1_transient_raw.csv,24,True
raw_transient,R1_THERMO_COUPLED_TCONT300,A01_v2500_let15_y3p5_thermal__R1_thermo_coupled_to60__20260713T064449946Z__1d9cd23a,9.86e-11,0.09860000000000001,2500.0,3.31591054374e-06,324.633215892,324.633215689,2.0300001324358163e-07,0.00828977635935,7.61215872991296e-13,ion_pulse,local_runtime/igbt_seb_thermal_runs/A01_v2500_let15_y3p5_thermal__R1_thermo_coupled_to60__20260713T064449946Z__1d9cd23a/postprocess/r1_transient_raw.csv,25,True
raw_transient,R1_THERMO_COUPLED_TCONT300,A01_v2500_let15_y3p5_thermal__R1_thermo_coupled_to60__20260713T064449946Z__1d9cd23a,9.88e-11,0.0988,2500.0,2.10722655957e-06,324.633215896,324.633215689,2.0700002778539783e-07,0.005268066398925,7.625716572671235e-13,ion_pulse,local_runtime/igbt_seb_thermal_runs/A01_v2500_let15_y3p5_thermal__R1_thermo_coupled_to60__20260713T064449946Z__1d9cd23a/postprocess/r1_transient_raw.csv,26,True
raw_transient,R1_THERMO_COUPLED_TCONT300,A01_v2500_let15_y3p5_thermal__R1_thermo_coupled_to60__20260713T064449946Z__1d9cd23a,9.9e-11,0.09899999999999999,2500.0,1.6426781462e-06,324.6332159,324.633215689,2.1099998548379517e-07,0.0041066953655,7.63509133443566e-13,ion_pulse,local_runtime/igbt_seb_thermal_runs/A01_v2500_let15_y3p5_thermal__R1_thermo_coupled_to60__20260713T064449946Z__1d9cd23a/postprocess/r1_transient_raw.csv,27,True
raw_transient,R1_THERMO_COUPLED_TCONT300,A01_v2500_let15_y3p5_thermal__R1_thermo_coupled_to60__20260713T064449946Z__1d9cd23a,9.92e-11,0.09920000000000001,2500.0,1.46167323108e-06,324.633215904,324.633215689,2.1500000002561137e-07,0.0036541830777,7.642852212878861e-13,ion_pulse,local_runtime/igbt_seb_thermal_runs/A01_v2500_let15_y3p5_thermal__R1_thermo_coupled_to60__20260713T064449946Z__1d9cd23a/postprocess/r1_transient_raw.csv,28,True
raw_transient,R1_THERMO_COUPLED_TCONT300,A01_v2500_let15_y3p5_thermal__R1_thermo_coupled_to60__20260713T064449946Z__1d9cd23a,9.94e-11,0.0994,2500.0,1.38535283225e-06,324.633215908,324.633215689,2.1900001456742757e-07,0.003463382080625,7.649969778037185e-13,ion_pulse,local_runtime/igbt_seb_thermal_runs/A01_v2500_let15_y3p5_thermal__R1_thermo_coupled_to60__20260713T064449946Z__1d9cd23a/postprocess/r1_transient_raw.csv,29,True
raw_transient,R1_THERMO_COUPLED_TCONT300,A01_v2500_let15_y3p5_thermal__R1_thermo_coupled_to60__20260713T064449946Z__1d9cd23a,9.96e-11,0.0996,2500.0,1.34864433742e-06,324.633215912,324.633215689,2.2300002910924377e-07,0.00337161084355,7.656804770961361e-13,ion_pulse,local_runtime/igbt_seb_thermal_runs/A01_v2500_let15_y3p5_thermal__R1_thermo_coupled_to60__20260713T064449946Z__1d9cd23a/postprocess/r1_transient_raw.csv,30,True
raw_transient,R1_THERMO_COUPLED_TCONT300,A01_v2500_let15_y3p5_thermal__R1_thermo_coupled_to60__20260713T064449946Z__1d9cd23a,9.98e-11,0.0998,2500.0,1.32822181597e-06,324.633215916,324.633215689,2.269999868076411e-07,0.003320554539925,7.663496936344836e-13,ion_pulse,local_runtime/igbt_seb_thermal_runs/A01_v2500_let15_y3p5_thermal__R1_thermo_coupled_to60__20260713T064449946Z__1d9cd23a/postprocess/r1_transient_raw.csv,31,True
raw_transient,R1_THERMO_COUPLED_TCONT300,A01_v2500_let15_y3p5_thermal__R1_thermo_coupled_to60__20260713T064449946Z__1d9cd23a,1e-10,0.1,2500.0,1.31521029649e-06,324.63321592,324.633215689,2.310000013494573e-07,0.003288025741225,7.670105516625986e-13,ion_pulse,local_runtime/igbt_seb_thermal_runs/A01_v2500_let15_y3p5_thermal__R1_thermo_coupled_to60__20260713T064449946Z__1d9cd23a/postprocess/r1_transient_raw.csv,32,True
raw_transient,R1_THERMO_COUPLED_TCONT300,A01_v2500_let15_y3p5_thermal__R1_thermo_coupled_to60__20260713T064449946Z__1d9cd23a,1.002e-10,0.1002,2500.0,1.30571941206e-06,324.633215924,324.633215689,2.350000158912735e-07,0.00326429853015,7.676657840897361e-13,ion_pulse,local_runtime/igbt_seb_thermal_runs/A01_v2500_let15_y3p5_thermal__R1_thermo_coupled_to60__20260713T064449946Z__1d9cd23a/postprocess/r1_transient_raw.csv,33,True
raw_transient,R1_THERMO_COUPLED_TCONT300,A01_v2500_let15_y3p5_thermal__R1_thermo_coupled_to60__20260713T064449946Z__1d9cd23a,1.004e-10,0.1004,2500.0,1.29772528134e-06,324.633215928,324.633215689,2.390000304330897e-07,0.00324431320335,7.683166452630861e-13,ion_pulse,local_runtime/igbt_seb_thermal_runs/A01_v2500_let15_y3p5_thermal__R1_thermo_coupled_to60__20260713T064449946Z__1d9cd23a/postprocess/r1_transient_raw.csv,34,True
raw_transient,R1_THERMO_COUPLED_TCONT300,A01_v2500_let15_y3p5_thermal__R1_thermo_coupled_to60__20260713T064449946Z__1d9cd23a,1.006e-10,0.1006,2500.0,1.29009698422e-06,324.633215932,324.633215689,2.4299998813148704e-07,0.00322524246055,7.689636008294761e-13,ion_pulse,local_runtime/igbt_seb_thermal_runs/A01_v2500_let15_y3p5_thermal__R1_thermo_coupled_to60__20260713T064449946Z__1d9cd23a/postprocess/r1_transient_raw.csv,35,True
raw_transient,R1_THERMO_COUPLED_TCONT300,A01_v2500_let15_y3p5_thermal__R1_thermo_coupled_to60__20260713T064449946Z__1d9cd23a,1.008e-10,0.1008,2500.0,1.28233053446e-06,324.633215936,324.633215689,2.4700000267330324e-07,0.0032058263361500004,7.696067077091461e-13,ion_pulse,local_runtime/igbt_seb_thermal_runs/A01_v2500_let15_y3p5_thermal__R1_thermo_coupled_to60__20260713T064449946Z__1d9cd23a/postprocess/r1_transient_raw.csv,36,True
raw_transient,R1_THERMO_COUPLED_TCONT300,A01_v2500_let15_y3p5_thermal__R1_thermo_coupled_to60__20260713T064449946Z__1d9cd23a,1.01e-10,0.101,2500.0,1.27441722786e-06,324.63321594,324.633215689,2.5100001721511944e-07,0.0031860430696499997,7.702458946497261e-13,ion_pulse,local_runtime/igbt_seb_thermal_runs/A01_v2500_let15_y3p5_thermal__R1_thermo_coupled_to60__20260713T064449946Z__1d9cd23a/postprocess/r1_transient_raw.csv,37,True
raw_transient,R1_THERMO_COUPLED_TCONT300,A01_v2500_let15_y3p5_thermal__R1_thermo_coupled_to60__20260713T064449946Z__1d9cd23a,1.012e-10,0.1012,2500.0,1.26663546893e-06,324.633215944,324.633215689,2.5500003175693564e-07,0.003166588672325,7.708811578239236e-13,ion_pulse,local_runtime/igbt_seb_thermal_runs/A01_v2500_let15_y3p5_thermal__R1_thermo_coupled_to60__20260713T064449946Z__1d9cd23a/postprocess/r1_transient_raw.csv,38,True
raw_transient,R1_THERMO_COUPLED_TCONT300,A01_v2500_let15_y3p5_thermal__R1_thermo_coupled_to60__20260713T064449946Z__1d9cd23a,1.014e-10,0.10139999999999999,2500.0,1.25930991941e-06,324.633215948,324.633215689,2.58999989455333e-07,0.003148274798525,7.715126441710086e-13,ion_pulse,local_runtime/igbt_seb_thermal_runs/A01_v2500_let15_y3p5_thermal__R1_thermo_coupled_to60__20260713T064449946Z__1d9cd23a/postprocess/r1_transient_raw.csv,39,True
raw_transient,R1_THERMO_COUPLED_TCONT300,A01_v2500_let15_y3p5_thermal__R1_thermo_coupled_to60__20260713T064449946Z__1d9cd23a,1.016e-10,0.10160000000000001,2500.0,1.25265947342e-06,324.633215951,324.633215689,2.6200001457254984e-07,0.00313164868355,7.721406365192162e-13,ion_pulse,local_runtime/igbt_seb_thermal_runs/A01_v2500_let15_y3p5_thermal__R1_thermo_coupled_to60__20260713T064449946Z__1d9cd23a/postprocess/r1_transient_raw.csv,40,True
raw_transient,R1_THERMO_COUPLED_TCONT300,A01_v2500_let15_y3p5_thermal__R1_thermo_coupled_to60__20260713T064449946Z__1d9cd23a,1.018e-10,0.1018,2500.0,1.24676390228e-06,324.633215955,324.633215689,2.6600002911436604e-07,0.0031169097557,7.727654923631412e-13,ion_pulse,local_runtime/igbt_seb_thermal_runs/A01_v2500_let15_y3p5_thermal__R1_thermo_coupled_to60__20260713T064449946Z__1d9cd23a/postprocess/r1_transient_raw.csv,41,True
raw_transient,R1_THERMO_COUPLED_TCONT300,A01_v2500_let15_y3p5_thermal__R1_thermo_coupled_to60__20260713T064449946Z__1d9cd23a,1.02e-10,0.102,2500.0,1.2415969291e-06,324.633215959,324.633215689,2.699999868127634e-07,0.0031039923227499998,7.733875825709861e-13,ion_pulse,local_runtime/igbt_seb_thermal_runs/A01_v2500_let15_y3p5_thermal__R1_thermo_coupled_to60__20260713T064449946Z__1d9cd23a/postprocess/r1_transient_raw.csv,42,True
raw_transient,R1_THERMO_COUPLED_TCONT300,A01_v2500_let15_y3p5_thermal__R1_thermo_coupled_to60__20260713T064449946Z__1d9cd23a,1.022e-10,0.10220000000000001,2500.0,1.23706436195e-06,324.633215963,324.633215689,2.740000013545796e-07,0.0030926609048749997,7.740072478937486e-13,post_pulse_decay,local_runtime/igbt_seb_thermal_runs/A01_v2500_let15_y3p5_thermal__R1_thermo_coupled_to60__20260713T064449946Z__1d9cd23a/postprocess/r1_transient_raw.csv,43,True
raw_transient,R1_THERMO_COUPLED_TCONT300,A01_v2500_let15_y3p5_thermal__R1_thermo_coupled_to60__20260713T064449946Z__1d9cd23a,1.0248e-10,0.10248,2500.0,1.23197227079e-06,324.633215969,324.633215689,2.7999999474559445e-07,0.0030799306769749998,7.748714107152076e-13,post_pulse_decay,local_runtime/igbt_seb_thermal_runs/A01_v2500_let15_y3p5_thermal__R1_thermo_coupled_to60__20260713T064449946Z__1d9cd23a/postprocess/r1_transient_raw.csv,44,True
raw_transient,R1_THERMO_COUPLED_TCONT300,A01_v2500_let15_y3p5_thermal__R1_thermo_coupled_to60__20260713T064449946Z__1d9cd23a,1.02872e-10,0.10287199999999999,2500.0,1.22627756146e-06,324.633215977,324.633215689,2.8800002382922685e-07,0.00306569390365,7.7607595313301e-13,post_pulse_decay,local_runtime/igbt_seb_thermal_runs/A01_v2500_let15_y3p5_thermal__R1_thermo_coupled_to60__20260713T064449946Z__1d9cd23a/postprocess/r1_transient_raw.csv,45,True
raw_transient,R1_THERMO_COUPLED_TCONT300,A01_v2500_let15_y3p5_thermal__R1_thermo_coupled_to60__20260713T064449946Z__1d9cd23a,1.034208e-10,0.1034208,2500.0,1.21914259439e-06,324.633215988,324.633215689,2.9900002118665725e-07,0.003047856485975,7.777535113599232e-13,post_pulse_decay,local_runtime/igbt_seb_thermal_runs/A01_v2500_let15_y3p5_thermal__R1_thermo_coupled_to60__20260713T064449946Z__1d9cd23a/postprocess/r1_transient_raw.csv,46,True
raw_transient,R1_THERMO_COUPLED_TCONT300,A01_v2500_let15_y3p5_thermal__R1_thermo_coupled_to60__20260713T064449946Z__1d9cd23a,1.0418912e-10,0.10418912,2500.0,1.20870044269e-06,324.633216003,324.633215689,3.13999976242485e-07,0.0030217511067249995,7.800852118127348e-13,post_pulse_decay,local_runtime/igbt_seb_thermal_runs/A01_v2500_let15_y3p5_thermal__R1_thermo_coupled_to60__20260713T064449946Z__1d9cd23a/postprocess/r1_transient_raw.csv,47,True
raw_transient,R1_THERMO_COUPLED_TCONT300,A01_v2500_let15_y3p5_thermal__R1_thermo_coupled_to60__20260713T064449946Z__1d9cd23a,1.05264768e-10,0.10526476800000001,2500.0,1.1950893306e-06,324.633216024,324.633215689,3.3499998153274646e-07,0.0029877233265,7.833172513903096e-13,post_pulse_decay,local_runtime/igbt_seb_thermal_runs/A01_v2500_let15_y3p5_thermal__R1_thermo_coupled_to60__20260713T064449946Z__1d9cd23a/postprocess/r1_transient_raw.csv,48,True
raw_transient,R1_THERMO_COUPLED_TCONT300,A01_v2500_let15_y3p5_thermal__R1_thermo_coupled_to60__20260713T064449946Z__1d9cd23a,1.067706752e-10,0.1067706752,2500.0,1.18014279187e-06,324.633216055,324.633215689,3.65999994755839e-07,0.0029503569796750003,7.877883503339332e-13,post_pulse_decay,local_runtime/igbt_seb_thermal_runs/A01_v2500_let15_y3p5_thermal__R1_thermo_coupled_to60__20260713T064449946Z__1d9cd23a/postprocess/r1_transient_raw.csv,49,True
raw_transient,R1_THERMO_COUPLED_TCONT300,A01_v2500_let15_y3p5_thermal__R1_thermo_coupled_to60__20260713T064449946Z__1d9cd23a,1.0887894528e-10,0.10887894528,2500.0,1.16207986598e-06,324.633216097,324.633215689,4.0800000533636194e-07,0.00290519966495,7.939608977717372e-13,post_pulse_decay,local_runtime/igbt_seb_thermal_runs/A01_v2500_let15_y3p5_thermal__R1_thermo_coupled_to60__20260713T064449946Z__1d9cd23a/postprocess/r1_transient_raw.csv,50,True
raw_transient,R1_THERMO_COUPLED_TCONT300,A01_v2500_let15_y3p5_thermal__R1_thermo_coupled_to60__20260713T064449946Z__1d9cd23a,1.11830523392e-10,0.111830523392,2500.0,1.14153942258e-06,324.633216157,324.633215689,4.679999960899295e-07,0.0028538485564499998,8.024600381098556e-13,post_pulse_decay,local_runtime/igbt_seb_thermal_runs/A01_v2500_let15_y3p5_thermal__R1_thermo_coupled_to60__20260713T064449946Z__1d9cd23a/postprocess/r1_transient_raw.csv,51,True
raw_transient,R1_THERMO_COUPLED_TCONT300,A01_v2500_let15_y3p5_thermal__R1_thermo_coupled_to60__20260713T064449946Z__1d9cd23a,1.15962732749e-10,0.115962732749,2500.0,1.12060625327e-06,324.633216242,324.633215689,5.530000066755747e-07,0.002801515633175,8.141446125206612e-13,post_pulse_decay,local_runtime/igbt_seb_thermal_runs/A01_v2500_let15_y3p5_thermal__R1_thermo_coupled_to60__20260713T064449946Z__1d9cd23a/postprocess/r1_transient_raw.csv,52,True
raw_transient,R1_THERMO_COUPLED_TCONT300,A01_v2500_let15_y3p5_thermal__R1_thermo_coupled_to60__20260713T064449946Z__1d9cd23a,1.21747825848e-10,0.121747825848,2500.0,1.10402923904e-06,324.633216361,324.633215689,6.719999987581105e-07,0.0027600730976,8.302317668136025e-13,post_pulse_decay,local_runtime/igbt_seb_thermal_runs/A01_v2500_let15_y3p5_thermal__R1_thermo_coupled_to60__20260713T064449946Z__1d9cd23a/postprocess/r1_transient_raw.csv,53,True
raw_transient,R1_THERMO_COUPLED_TCONT300,A01_v2500_let15_y3p5_thermal__R1_thermo_coupled_to60__20260713T064449946Z__1d9cd23a,1.29846956188e-10,0.129846956188,2500.0,1.09569966473e-06,324.633216532,324.633215689,8.430000093540002e-07,0.002739249161825,8.525016306939757e-13,post_pulse_decay,local_runtime/igbt_seb_thermal_runs/A01_v2500_let15_y3p5_thermal__R1_thermo_coupled_to60__20260713T064449946Z__1d9cd23a/postprocess/r1_transient_raw.csv,54,True
raw_transient,R1_THERMO_COUPLED_TCONT300,A01_v2500_let15_y3p5_thermal__R1_thermo_coupled_to60__20260713T064449946Z__1d9cd23a,1.41185738663e-10,0.14118573866300002,2500.0,1.09426113017e-06,324.633216775,324.633215689,1.0859999974854873e-06,0.002735652825425,8.835409920466622e-13,post_pulse_decay,local_runtime/igbt_seb_thermal_runs/A01_v2500_let15_y3p5_thermal__R1_thermo_coupled_to60__20260713T064449946Z__1d9cd23a/postprocess/r1_transient_raw.csv,55,True
raw_transient,R1_THERMO_COUPLED_TCONT300,A01_v2500_let15_y3p5_thermal__R1_thermo_coupled_to60__20260713T064449946Z__1d9cd23a,1.57060034128e-10,0.15706003412800001,2500.0,1.09133320306e-06,324.633217127,324.633215689,1.4380000266100978e-06,0.0027283330076500003,9.269094548120655e-13,post_pulse_decay,local_runtime/igbt_seb_thermal_runs/A01_v2500_let15_y3p5_thermal__R1_thermo_coupled_to60__20260713T064449946Z__1d9cd23a/postprocess/r1_transient_raw.csv,56,True
raw_transient,R1_THERMO_COUPLED_TCONT300,A01_v2500_let15_y3p5_thermal__R1_thermo_coupled_to60__20260713T064449946Z__1d9cd23a,1.79284047779e-10,0.179284047779,2500.0,1.08235033815e-06,324.63321764,324.633215689,1.9510000015543483e-06,0.002705875845375,9.872944206780718e-13,post_pulse_decay,local_runtime/igbt_seb_thermal_runs/A01_v2500_let15_y3p5_thermal__R1_thermo_coupled_to60__20260713T064449946Z__1d9cd23a/postprocess/r1_transient_raw.csv,57,True
raw_transient,R1_THERMO_COUPLED_TCONT300,A01_v2500_let15_y3p5_thermal__R1_thermo_coupled_to60__20260713T064449946Z__1d9cd23a,2.1039766689e-10,0.21039766689,2500.0,1.07260641337e-06,324.633218398,324.633215689,2.7090000003227033e-06,0.0026815160334250003,1.0711050501374108e-12,post_pulse_decay,local_runtime/igbt_seb_thermal_runs/A01_v2500_let15_y3p5_thermal__R1_thermo_coupled_to60__20260713T064449946Z__1d9cd23a/postprocess/r1_transient_raw.csv,58,True
raw_transient,R1_THERMO_COUPLED_TCONT300,A01_v2500_let15_y3p5_thermal__R1_thermo_coupled_to60__20260713T064449946Z__1d9cd23a,2.53956733647e-10,0.253956733647,2500.0,1.0686439115e-06,324.633219535,324.633215689,3.846000026896945e-06,0.00267160977875,1.1876936324429861e-12,post_pulse_decay,local_runtime/igbt_seb_thermal_runs/A01_v2500_let15_y3p5_thermal__R1_thermo_coupled_to60__20260713T064449946Z__1d9cd23a/postprocess/r1_transient_raw.csv,59,True
raw_transient,R1_THERMO_COUPLED_TCONT300,A01_v2500_let15_y3p5_thermal__R1_thermo_coupled_to60__20260713T064449946Z__1d9cd23a,3.14939427105e-10,0.314939427105,2500.0,1.07252998995e-06,324.63322128,324.633215689,5.590999990090495e-06,0.002681324974875,1.35091182203348e-12,post_pulse_decay,local_runtime/igbt_seb_thermal_runs/A01_v2500_let15_y3p5_thermal__R1_thermo_coupled_to60__20260713T064449946Z__1d9cd23a/postprocess/r1_transient_raw.csv,60,True
raw_transient,R1_THERMO_COUPLED_TCONT300,A01_v2500_let15_y3p5_thermal__R1_thermo_coupled_to60__20260713T064449946Z__1d9cd23a,4e-10,0.4,2500.0,1.08430622663e-06,324.633224014,324.633215689,8.325000010245276e-06,0.0027107655665750004,1.580238977312204e-12,post_pulse_decay,local_runtime/igbt_seb_thermal_runs/A01_v2500_let15_y3p5_thermal__R1_thermo_coupled_to60__20260713T064449946Z__1d9cd23a/postprocess/r1_transient_raw.csv,61,True
raw_transient,R1_THERMO_COUPLED_TCONT300,A01_v2500_let15_y3p5_thermal__R1_thermo_coupled_to60__20260713T064449946Z__1d9cd23a,4.1e-10,0.41,2500.0,1.0851312354e-06,324.63322434,324.633215689,8.65100003011321e-06,0.0027128280885,1.6073569455875789e-12,early_electrical_growth,local_runtime/igbt_seb_thermal_runs/A01_v2500_let15_y3p5_thermal__R1_thermo_coupled_to60__20260713T064449946Z__1d9cd23a/postprocess/r1_transient_raw.csv,62,True
raw_transient,R1_THERMO_COUPLED_TCONT300,A01_v2500_let15_y3p5_thermal__R1_thermo_coupled_to60__20260713T064449946Z__1d9cd23a,4.24e-10,0.424,2500.0,1.08674315324e-06,324.633224804,324.633215689,9.115000011661323e-06,0.0027168578831000003,1.645364747388779e-12,early_electrical_growth,local_runtime/igbt_seb_thermal_runs/A01_v2500_let15_y3p5_thermal__R1_thermo_coupled_to60__20260713T064449946Z__1d9cd23a/postprocess/r1_transient_raw.csv,63,True
raw_transient,R1_THERMO_COUPLED_TCONT300,A01_v2500_let15_y3p5_thermal__R1_thermo_coupled_to60__20260713T064449946Z__1d9cd23a,4.436e-10,0.4436,2500.0,1.08946475832e-06,324.63322547,324.633215689,9.781000017028418e-06,0.0027236618957999998,1.698681841221999e-12,early_electrical_growth,local_runtime/igbt_seb_thermal_runs/A01_v2500_let15_y3p5_thermal__R1_thermo_coupled_to60__20260713T064449946Z__1d9cd23a/postprocess/r1_transient_raw.csv,64,True
raw_transient,R1_THERMO_COUPLED_TCONT300,A01_v2500_let15_y3p5_thermal__R1_thermo_coupled_to60__20260713T064449946Z__1d9cd23a,4.7104e-10,0.47103999999999996,2500.0,1.09375093047e-06,324.633226434,324.633215689,1.0744999997314153e-05,0.0027343773261750003,1.7735661393474959e-12,early_electrical_growth,local_runtime/igbt_seb_thermal_runs/A01_v2500_let15_y3p5_thermal__R1_thermo_coupled_to60__20260713T064449946Z__1d9cd23a/postprocess/r1_transient_raw.csv,65,True
raw_transient,R1_THERMO_COUPLED_TCONT300,A01_v2500_let15_y3p5_thermal__R1_thermo_coupled_to60__20260713T064449946Z__1d9cd23a,5.09456e-10,0.509456,2500.0,1.10033982236e-06,324.633227848,324.633215689,1.2158999993516773e-05,0.0027508495558999997,1.8789263772983927e-12,early_electrical_growth,local_runtime/igbt_seb_thermal_runs/A01_v2500_let15_y3p5_thermal__R1_thermo_coupled_to60__20260713T064449946Z__1d9cd23a/postprocess/r1_transient_raw.csv,66,True
raw_transient,R1_THERMO_COUPLED_TCONT300,A01_v2500_let15_y3p5_thermal__R1_thermo_coupled_to60__20260713T064449946Z__1d9cd23a,5.632384e-10,0.5632384,2500.0,1.1103961933e-06,324.633229956,324.633215689,1.4266999983192363e-05,0.0027759904832500002,2.0275497381591834e-12,early_electrical_growth,local_runtime/igbt_seb_thermal_runs/A01_v2500_let15_y3p5_thermal__R1_thermo_coupled_to60__20260713T064449946Z__1d9cd23a/postprocess/r1_transient_raw.csv,67,True
raw_transient,R1_THERMO_COUPLED_TCONT300,A01_v2500_let15_y3p5_thermal__R1_thermo_coupled_to60__20260713T064449946Z__1d9cd23a,6.3853376e-10,0.63853376,2500.0,1.12588715218e-06,324.633233208,324.633215689,1.751899998225781e-05,0.0028147178804500002,2.2380269376090846e-12,early_electrical_growth,local_runtime/igbt_seb_thermal_runs/A01_v2500_let15_y3p5_thermal__R1_thermo_coupled_to60__20260713T064449946Z__1d9cd23a/postprocess/r1_transient_raw.csv,68,True
raw_transient,R1_THERMO_COUPLED_TCONT300,A01_v2500_let15_y3p5_thermal__R1_thermo_coupled_to60__20260713T064449946Z__1d9cd23a,7.43947264e-10,0.743947264,2500.0,1.15038804169e-06,324.633239276,324.633215689,2.3586999986946466e-05,0.002875970104225,2.5379646179267298e-12,early_electrical_growth,local_runtime/igbt_seb_thermal_runs/A01_v2500_let15_y3p5_thermal__R1_thermo_coupled_to60__20260713T064449946Z__1d9cd23a/postprocess/r1_transient_raw.csv,69,True
raw_transient,R1_THERMO_COUPLED_TCONT300,A01_v2500_let15_y3p5_thermal__R1_thermo_coupled_to60__20260713T064449946Z__1d9cd23a,8.915261696e-10,0.8915261696,2500.0,1.18640779052e-06,324.633264069,324.633215689,4.8380000009728974e-05,0.0029660194762999997,2.969041832336971e-12,early_electrical_growth,local_runtime/igbt_seb_thermal_runs/A01_v2500_let15_y3p5_thermal__R1_thermo_coupled_to60__20260713T064449946Z__1d9cd23a/postprocess/r1_transient_raw.csv,70,True
raw_transient,R1_THERMO_COUPLED_TCONT300,A01_v2500_let15_y3p5_thermal__R1_thermo_coupled_to60__20260713T064449946Z__1d9cd23a,1.09813663744e-09,1.0981366374400001,2500.0,1.24506606219e-06,324.633412663,324.633215689,0.0001969740000049569,0.0031126651554749998,3.597001770148397e-12,early_electrical_growth,local_runtime/igbt_seb_thermal_runs/A01_v2500_let15_y3p5_thermal__R1_thermo_coupled_to60__20260713T064449946Z__1d9cd23a/postprocess/r1_transient_raw.csv,71,True
raw_transient,R1_THERMO_COUPLED_TCONT300,A01_v2500_let15_y3p5_thermal__R1_thermo_coupled_to60__20260713T064449946Z__1d9cd23a,1.38739129242e-09,1.38739129242,2500.0,1.34434609523e-06,324.633951939,324.633215689,0.0007362499999885586,0.003360865238075,4.533251170392821e-12,early_electrical_growth,local_runtime/igbt_seb_thermal_runs/A01_v2500_let15_y3p5_thermal__R1_thermo_coupled_to60__20260713T064449946Z__1d9cd23a/postprocess/r1_transient_raw.csv,72,True
raw_transient,R1_THERMO_COUPLED_TCONT300,A01_v2500_let15_y3p5_thermal__R1_thermo_coupled_to60__20260713T064449946Z__1d9cd23a,1.79234780938e-09,1.79234780938,2500.0,1.51145966186e-06,324.634954273,324.633215689,0.0017385840000088137,0.0037786491546499996,5.978847611024674e-12,early_electrical_growth,local_runtime/igbt_seb_thermal_runs/A01_v2500_let15_y3p5_thermal__R1_thermo_coupled_to60__20260713T064449946Z__1d9cd23a/postprocess/r1_transient_raw.csv,73,True
raw_transient,R1_THERMO_COUPLED_TCONT300,A01_v2500_let15_y3p5_thermal__R1_thermo_coupled_to60__20260713T064449946Z__1d9cd23a,2.35928693314e-09,2.35928693314,2500.0,1.78185433995e-06,324.636101833,324.633215689,0.0028861440000014227,0.004454635849875,8.31273330409055e-12,early_electrical_growth,local_runtime/igbt_seb_thermal_runs/A01_v2500_let15_y3p5_thermal__R1_thermo_coupled_to60__20260713T064449946Z__1d9cd23a/postprocess/r1_transient_raw.csv,74,True
raw_transient,R1_THERMO_COUPLED_TCONT300,A01_v2500_let15_y3p5_thermal__R1_thermo_coupled_to60__20260713T064449946Z__1d9cd23a,3.15300170639e-09,3.15300170639,2500.0,2.16801634743e-06,324.63736845,324.633215689,0.004152761000000282,0.005420040868575,1.2231571700341346e-11,early_electrical_growth,local_runtime/igbt_seb_thermal_runs/A01_v2500_let15_y3p5_thermal__R1_thermo_coupled_to60__20260713T064449946Z__1d9cd23a/postprocess/r1_transient_raw.csv,75,True
raw_transient,R1_THERMO_COUPLED_TCONT300,A01_v2500_let15_y3p5_thermal__R1_thermo_coupled_to60__20260713T064449946Z__1d9cd23a,4.26420238895e-09,4.264202388949999,2500.0,2.70298321112e-06,324.639408396,324.633215689,0.006192707000025166,0.0067574580278,1.8997394243104117e-11,early_electrical_growth,local_runtime/igbt_seb_thermal_runs/A01_v2500_let15_y3p5_thermal__R1_thermo_coupled_to60__20260713T064449946Z__1d9cd23a/postprocess/r1_transient_raw.csv,76,True
raw_transient,R1_THERMO_COUPLED_TCONT300,A01_v2500_let15_y3p5_thermal__R1_thermo_coupled_to60__20260713T064449946Z__1d9cd23a,5.81988334452e-09,5.81988334452,2500.0,3.63246791755e-06,324.643878916,324.633215689,0.010663227000009101,0.009081169793875,3.1317320075374596e-11,early_electrical_growth,local_runtime/igbt_seb_thermal_runs/A01_v2500_let15_y3p5_thermal__R1_thermo_coupled_to60__20260713T064449946Z__1d9cd23a/postprocess/r1_transient_raw.csv,77,True
raw_transient,R1_THERMO_COUPLED_TCONT300,A01_v2500_let15_y3p5_thermal__R1_thermo_coupled_to60__20260713T064449946Z__1d9cd23a,7.99783668233e-09,7.99783668233,2500.0,5.53769111127e-06,324.654790701,324.633215689,0.021575012000027982,0.013844227778175,5.6282543156708384e-11,early_electrical_growth,local_runtime/igbt_seb_thermal_runs/A01_v2500_let15_y3p5_thermal__R1_thermo_coupled_to60__20260713T064449946Z__1d9cd23a/postprocess/r1_transient_raw.csv,78,True
raw_transient,R1_THERMO_COUPLED_TCONT300,A01_v2500_let15_y3p5_thermal__R1_thermo_coupled_to60__20260713T064449946Z__1d9cd23a,1e-08,10.0,2500.0,7.85368722348e-06,324.670146728,324.633215689,0.0369310390000237,0.0196342180587,8.979720125030491e-11,10_to_40ns,local_runtime/igbt_seb_thermal_runs/A01_v2500_let15_y3p5_thermal__R1_thermo_coupled_to60__20260713T064449946Z__1d9cd23a/postprocess/r1_transient_raw.csv,79,True
raw_transient,R1_THERMO_COUPLED_TCONT300,A01_v2500_let15_y3p5_thermal__R1_thermo_coupled_to60__20260713T064449946Z__1d9cd23a,1.001e-08,10.01,2500.0,7.86492505541e-06,324.670223566,324.633215689,0.03700787700000774,0.019662312638525,8.999368390379103e-11,10_to_40ns,local_runtime/igbt_seb_thermal_runs/A01_v2500_let15_y3p5_thermal__R1_thermo_coupled_to60__20260713T064449946Z__1d9cd23a/postprocess/r1_transient_raw.csv,80,True
raw_transient,R1_THERMO_COUPLED_TCONT300,A01_v2500_let15_y3p5_thermal__R1_thermo_coupled_to60__20260713T064449946Z__1d9cd23a,1.0024e-08,10.024,2500.0,7.88085735274e-06,324.670331416,324.633215689,0.037115727000013976,0.019702143381849998,9.026923509593365e-11,10_to_40ns,local_runtime/igbt_seb_thermal_runs/A01_v2500_let15_y3p5_thermal__R1_thermo_coupled_to60__20260713T064449946Z__1d9cd23a/postprocess/r1_transient_raw.csv,81,True
raw_transient,R1_THERMO_COUPLED_TCONT300,A01_v2500_let15_y3p5_thermal__R1_thermo_coupled_to60__20260713T064449946Z__1d9cd23a,1.00436e-08,10.0436,2500.0,7.90328619044e-06,324.670482948,324.633215689,0.037267258999975184,0.0197582154761,9.065594661274157e-11,10_to_40ns,local_runtime/igbt_seb_thermal_runs/A01_v2500_let15_y3p5_thermal__R1_thermo_coupled_to60__20260713T064449946Z__1d9cd23a/postprocess/r1_transient_raw.csv,82,True
raw_transient,R1_THERMO_COUPLED_TCONT300,A01_v2500_let15_y3p5_thermal__R1_thermo_coupled_to60__20260713T064449946Z__1d9cd23a,1.007104e-08,10.07104,2500.0,7.9348419908e-06,324.670696158,324.633215689,0.037480469000001904,0.019837104977,9.119919440935812e-11,10_to_40ns,local_runtime/igbt_seb_thermal_runs/A01_v2500_let15_y3p5_thermal__R1_thermo_coupled_to60__20260713T064449946Z__1d9cd23a/postprocess/r1_transient_raw.csv,83,True
raw_transient,R1_THERMO_COUPLED_TCONT300,A01_v2500_let15_y3p5_thermal__R1_thermo_coupled_to60__20260713T064449946Z__1d9cd23a,1.0109456e-08,10.109456,2500.0,7.97927326324e-06,324.670996749,324.633215689,0.037781059999986155,0.0199481831581,9.196339022385709e-11,10_to_40ns,local_runtime/igbt_seb_thermal_runs/A01_v2500_let15_y3p5_thermal__R1_thermo_coupled_to60__20260713T064449946Z__1d9cd23a/postprocess/r1_transient_raw.csv,84,True
raw_transient,R1_THERMO_COUPLED_TCONT300,A01_v2500_let15_y3p5_thermal__R1_thermo_coupled_to60__20260713T064449946Z__1d9cd23a,1.01632384e-08,10.1632384,2500.0,8.04192709878e-06,324.671421701,324.633215689,0.03820601199998919,0.020104817746950002,9.304046348179497e-11,10_to_40ns,local_runtime/igbt_seb_thermal_runs/A01_v2500_let15_y3p5_thermal__R1_thermo_coupled_to60__20260713T064449946Z__1d9cd23a/postprocess/r1_transient_raw.csv,85,True
raw_transient,R1_THERMO_COUPLED_TCONT300,A01_v2500_let15_y3p5_thermal__R1_thermo_coupled_to60__20260713T064449946Z__1d9cd23a,1.023853376e-08,10.23853376,2500.0,8.13046793526e-06,324.672024773,324.633215689,0.038809083999979066,0.02032616983815,9.456259636448277e-11,10_to_40ns,local_runtime/igbt_seb_thermal_runs/A01_v2500_let15_y3p5_thermal__R1_thermo_coupled_to60__20260713T064449946Z__1d9cd23a/postprocess/r1_transient_raw.csv,86,True
raw_transient,R1_THERMO_COUPLED_TCONT300,A01_v2500_let15_y3p5_thermal__R1_thermo_coupled_to60__20260713T064449946Z__1d9cd23a,1.0343947264e-08,10.343947263999999,2500.0,8.25596502802e-06,324.672885173,324.633215689,0.03966948400000092,0.02063991257005,9.672178551038333e-11,10_to_40ns,local_runtime/igbt_seb_thermal_runs/A01_v2500_let15_y3p5_thermal__R1_thermo_coupled_to60__20260713T064449946Z__1d9cd23a/postprocess/r1_transient_raw.csv,87,True
raw_transient,R1_THERMO_COUPLED_TCONT300,A01_v2500_let15_y3p5_thermal__R1_thermo_coupled_to60__20260713T064449946Z__1d9cd23a,1.04915261696e-08,10.491526169599998,2500.0,8.43455868951e-06,324.674121699,324.633215689,0.0409060100000147,0.021086396723775002,9.980074704053823e-11,10_to_40ns,local_runtime/igbt_seb_thermal_runs/A01_v2500_let15_y3p5_thermal__R1_thermo_coupled_to60__20260713T064449946Z__1d9cd23a/postprocess/r1_transient_raw.csv,88,True
raw_transient,R1_THERMO_COUPLED_TCONT300,A01_v2500_let15_y3p5_thermal__R1_thermo_coupled_to60__20260713T064449946Z__1d9cd23a,1.06981366374e-08,10.6981366374,2500.0,8.69001809113e-06,324.675916604,324.633215689,0.04270091500001172,0.021725045227825,1.0422339306494455e-10,10_to_40ns,local_runtime/igbt_seb_thermal_runs/A01_v2500_let15_y3p5_thermal__R1_thermo_coupled_to60__20260713T064449946Z__1d9cd23a/postprocess/r1_transient_raw.csv,89,True
raw_transient,R1_THERMO_COUPLED_TCONT300,A01_v2500_let15_y3p5_thermal__R1_thermo_coupled_to60__20260713T064449946Z__1d9cd23a,1.09873912924e-08,10.9873912924,2500.0,9.05779541031e-06,324.678557485,324.633215689,0.04534179600000243,0.022644488525775,1.1064044015414877e-10,10_to_40ns,local_runtime/igbt_seb_thermal_runs/A01_v2500_let15_y3p5_thermal__R1_thermo_coupled_to60__20260713T064449946Z__1d9cd23a/postprocess/r1_transient_raw.csv,90,True
raw_transient,R1_THERMO_COUPLED_TCONT300,A01_v2500_let15_y3p5_thermal__R1_thermo_coupled_to60__20260713T064449946Z__1d9cd23a,1.13923478094e-08,11.3923478094,2500.0,9.59293948153e-06,324.682514626,324.633215689,0.04929893700000321,0.023982348703825,1.2008136095576113e-10,10_to_40ns,local_runtime/igbt_seb_thermal_runs/A01_v2500_let15_y3p5_thermal__R1_thermo_coupled_to60__20260713T064449946Z__1d9cd23a/postprocess/r1_transient_raw.csv,91,True
raw_transient,R1_THERMO_COUPLED_TCONT300,A01_v2500_let15_y3p5_thermal__R1_thermo_coupled_to60__20260713T064449946Z__1d9cd23a,1.19592869331e-08,11.9592869331,2500.0,1.0383291204e-05,324.688592776,324.633215689,0.05537708700001076,0.025958228009999997,1.342379943553654e-10,10_to_40ns,local_runtime/igbt_seb_thermal_runs/A01_v2500_let15_y3p5_thermal__R1_thermo_coupled_to60__20260713T064449946Z__1d9cd23a/postprocess/r1_transient_raw.csv,92,True
raw_transient,R1_THERMO_COUPLED_TCONT300,A01_v2500_let15_y3p5_thermal__R1_thermo_coupled_to60__20260713T064449946Z__1d9cd23a,1.27530017064e-08,12.7530017064,2500.0,1.15608211787e-05,324.698232369,324.633215689,0.06501667999998517,0.02890205294675,1.5600970208674597e-10,10_to_40ns,local_runtime/igbt_seb_thermal_runs/A01_v2500_let15_y3p5_thermal__R1_thermo_coupled_to60__20260713T064449946Z__1d9cd23a/postprocess/r1_transient_raw.csv,93,True
raw_transient,R1_THERMO_COUPLED_TCONT300,A01_v2500_let15_y3p5_thermal__R1_thermo_coupled_to60__20260713T064449946Z__1d9cd23a,1.38642023889e-08,13.864202388899999,2500.0,1.33278049826e-05,324.714080987,324.633215689,0.08086529799999198,0.0333195124565,1.9058002505790087e-10,10_to_40ns,local_runtime/igbt_seb_thermal_runs/A01_v2500_let15_y3p5_thermal__R1_thermo_coupled_to60__20260713T064449946Z__1d9cd23a/postprocess/r1_transient_raw.csv,94,True
raw_transient,R1_THERMO_COUPLED_TCONT300,A01_v2500_let15_y3p5_thermal__R1_thermo_coupled_to60__20260713T064449946Z__1d9cd23a,1.54198833445e-08,15.4198833445,2500.0,1.59918313733e-05,324.740980176,324.633215689,0.10776448699999719,0.03997957843325,2.4759502493788966e-10,10_to_40ns,local_runtime/igbt_seb_thermal_runs/A01_v2500_let15_y3p5_thermal__R1_thermo_coupled_to60__20260713T064449946Z__1d9cd23a/postprocess/r1_transient_raw.csv,95,True
raw_transient,R1_THERMO_COUPLED_TCONT300,A01_v2500_let15_y3p5_thermal__R1_thermo_coupled_to60__20260713T064449946Z__1d9cd23a,1.75978366823e-08,17.597836682300002,2500.0,2.01354333463e-05,324.788229623,324.633215689,0.15501393400001007,0.05033858336575,3.4594939591493597e-10,10_to_40ns,local_runtime/igbt_seb_thermal_runs/A01_v2500_let15_y3p5_thermal__R1_thermo_coupled_to60__20260713T064449946Z__1d9cd23a/postprocess/r1_transient_raw.csv,96,True
raw_transient,R1_THERMO_COUPLED_TCONT300,A01_v2500_let15_y3p5_thermal__R1_thermo_coupled_to60__20260713T064449946Z__1d9cd23a,2.06469713553e-08,20.6469713553,2500.0,2.70421830091e-05,324.876530545,324.633215689,0.2433148559999836,0.06760545752275,5.257630281883634e-10,10_to_40ns,local_runtime/igbt_seb_thermal_runs/A01_v2500_let15_y3p5_thermal__R1_thermo_coupled_to60__20260713T064449946Z__1d9cd23a/postprocess/r1_transient_raw.csv,97,True
raw_transient,R1_THERMO_COUPLED_TCONT300,A01_v2500_let15_y3p5_thermal__R1_thermo_coupled_to60__20260713T064449946Z__1d9cd23a,2.27813656263e-08,22.7813656263,2500.0,3.25058232024e-05,324.950220209,324.633215689,0.3170045200000118,0.08126455800599999,6.846366823224859e-10,10_to_40ns,local_runtime/igbt_seb_thermal_runs/A01_v2500_let15_y3p5_thermal__R1_thermo_coupled_to60__20260713T064449946Z__1d9cd23a/postprocess/r1_transient_raw.csv,98,True
raw_transient,R1_THERMO_COUPLED_TCONT300,A01_v2500_let15_y3p5_thermal__R1_thermo_coupled_to60__20260713T064449946Z__1d9cd23a,2.42754416161e-08,24.2754416161,2500.0,3.66913018357e-05,325.007625713,324.633215689,0.37441002399998524,0.09172825458925,8.13868886175753e-10,10_to_40ns,local_runtime/igbt_seb_thermal_runs/A01_v2500_let15_y3p5_thermal__R1_thermo_coupled_to60__20260713T064449946Z__1d9cd23a/postprocess/r1_transient_raw.csv,99,True
raw_transient,R1_THERMO_COUPLED_TCONT300,A01_v2500_let15_y3p5_thermal__R1_thermo_coupled_to60__20260713T064449946Z__1d9cd23a,2.63671480017e-08,26.3671480017,2500.0,4.35003332613e-05,325.100185317,324.633215689,0.4669696280000153,0.10875083315325,1.0235405801808778e-09,10_to_40ns,local_runtime/igbt_seb_thermal_runs/A01_v2500_let15_y3p5_thermal__R1_thermo_coupled_to60__20260713T064449946Z__1d9cd23a/postprocess/r1_transient_raw.csv,100,True
raw_transient,R1_THERMO_COUPLED_TCONT300,A01_v2500_let15_y3p5_thermal__R1_thermo_coupled_to60__20260713T064449946Z__1d9cd23a,2.92955369416e-08,29.2955369416,2500.0,5.56840535232e-05,325.255663388,324.633215689,0.6224476990000198,0.13921013380800001,1.3866036567689948e-09,10_to_40ns,local_runtime/igbt_seb_thermal_runs/A01_v2500_let15_y3p5_thermal__R1_thermo_coupled_to60__20260713T064449946Z__1d9cd23a/postprocess/r1_transient_raw.csv,101,True
raw_transient,R1_THERMO_COUPLED_TCONT300,A01_v2500_let15_y3p5_thermal__R1_thermo_coupled_to60__20260713T064449946Z__1d9cd23a,3.13454091995e-08,31.345409199499997,2500.0,6.58171876656e-05,325.382784493,324.633215689,0.7495688039999777,0.16454296916400002,1.6979311862856667e-09,10_to_40ns,local_runtime/igbt_seb_thermal_runs/A01_v2500_let15_y3p5_thermal__R1_thermo_coupled_to60__20260713T064449946Z__1d9cd23a/postprocess/r1_transient_raw.csv,102,True
raw_transient,R1_THERMO_COUPLED_TCONT300,A01_v2500_let15_y3p5_thermal__R1_thermo_coupled_to60__20260713T064449946Z__1d9cd23a,3.42152303606e-08,34.215230360599996,2500.0,8.44805367619e-05,325.593326968,324.633215689,0.9601112789999888,0.21120134190475,2.237090673819687e-09,10_to_40ns,local_runtime/igbt_seb_thermal_runs/A01_v2500_let15_y3p5_thermal__R1_thermo_coupled_to60__20260713T064449946Z__1d9cd23a/postprocess/r1_transient_raw.csv,103,True
raw_transient,R1_THERMO_COUPLED_TCONT300,A01_v2500_let15_y3p5_thermal__R1_thermo_coupled_to60__20260713T064449946Z__1d9cd23a,3.62241051733e-08,36.2241051733,2500.0,0.000100013227874,325.760589937,324.633215689,1.1273742480000237,0.250033069685,2.7003717699162646e-09,10_to_40ns,local_runtime/igbt_seb_thermal_runs/A01_v2500_let15_y3p5_thermal__R1_thermo_coupled_to60__20260713T064449946Z__1d9cd23a/postprocess/r1_transient_raw.csv,104,True
raw_transient,R1_THERMO_COUPLED_TCONT300,A01_v2500_let15_y3p5_thermal__R1_thermo_coupled_to60__20260713T064449946Z__1d9cd23a,3.63998817195e-08,36.3998817195,2500.0,0.000101347014858,325.776181329,324.633215689,1.14296564,0.253367537145,2.7446147799280455e-09,10_to_40ns,local_runtime/igbt_seb_thermal_runs/A01_v2500_let15_y3p5_thermal__R1_thermo_coupled_to60__20260713T064449946Z__1d9cd23a/postprocess/r1_transient_raw.csv,105,True
raw_transient,R1_THERMO_COUPLED_TCONT300,A01_v2500_let15_y3p5_thermal__R1_thermo_coupled_to60__20260713T064449946Z__1d9cd23a,3.6645968884e-08,36.645968884,2500.0,0.000103304543621,325.798214299,324.633215689,1.1649986099999978,0.2582613590525,2.8075674320987987e-09,10_to_40ns,local_runtime/igbt_seb_thermal_runs/A01_v2500_let15_y3p5_thermal__R1_thermo_coupled_to60__20260713T064449946Z__1d9cd23a/postprocess/r1_transient_raw.csv,106,True
raw_transient,R1_THERMO_COUPLED_TCONT300,A01_v2500_let15_y3p5_thermal__R1_thermo_coupled_to60__20260713T064449946Z__1d9cd23a,3.69904909144e-08,36.9904909144,2500.0,0.000106094590681,325.829435673,324.633215689,1.1962199839999812,0.2652364767025,2.897745700740958e-09,10_to_40ns,local_runtime/igbt_seb_thermal_runs/A01_v2500_let15_y3p5_thermal__R1_thermo_coupled_to60__20260713T064449946Z__1d9cd23a/postprocess/r1_transient_raw.csv,107,True
raw_transient,R1_THERMO_COUPLED_TCONT300,A01_v2500_let15_y3p5_thermal__R1_thermo_coupled_to60__20260713T064449946Z__1d9cd23a,3.7472821757e-08,37.472821757000006,2500.0,0.000110156779721,325.873814779,324.633215689,1.2405990899999892,0.2753919493025,3.0281265828652106e-09,10_to_40ns,local_runtime/igbt_seb_thermal_runs/A01_v2500_let15_y3p5_thermal__R1_thermo_coupled_to60__20260713T064449946Z__1d9cd23a/postprocess/r1_transient_raw.csv,108,True
raw_transient,R1_THERMO_COUPLED_TCONT300,A01_v2500_let15_y3p5_thermal__R1_thermo_coupled_to60__20260713T064449946Z__1d9cd23a,3.81480849365e-08,38.1480849365,2500.0,0.000116110002331,325.936929486,324.633215689,1.3037137970000003,0.2902750058275,3.219113616194794e-09,10_to_40ns,local_runtime/igbt_seb_thermal_runs/A01_v2500_let15_y3p5_thermal__R1_thermo_coupled_to60__20260713T064449946Z__1d9cd23a/postprocess/r1_transient_raw.csv,109,True
raw_transient,R1_THERMO_COUPLED_TCONT300,A01_v2500_let15_y3p5_thermal__R1_thermo_coupled_to60__20260713T064449946Z__1d9cd23a,3.86207691622e-08,38.6207691622,2500.0,0.000120412502427,325.982468315,324.633215689,1.349252626000009,0.3010312560675,3.3588641874724938e-09,10_to_40ns,local_runtime/igbt_seb_thermal_runs/A01_v2500_let15_y3p5_thermal__R1_thermo_coupled_to60__20260713T064449946Z__1d9cd23a/postprocess/r1_transient_raw.csv,110,True
raw_transient,R1_THERMO_COUPLED_TCONT300,A01_v2500_let15_y3p5_thermal__R1_thermo_coupled_to60__20260713T064449946Z__1d9cd23a,3.89516481202e-08,38.9516481202,2500.0,0.000123466183171,326.015998376,324.633215689,1.3827826870000308,0.30866545792749994,3.4597320941838386e-09,10_to_40ns,local_runtime/igbt_seb_thermal_runs/A01_v2500_let15_y3p5_thermal__R1_thermo_coupled_to60__20260713T064449946Z__1d9cd23a/postprocess/r1_transient_raw.csv,111,True
raw_transient,R1_THERMO_COUPLED_TCONT300,A01_v2500_let15_y3p5_thermal__R1_thermo_coupled_to60__20260713T064449946Z__1d9cd23a,3.94148786614e-08,39.414878661399996,2500.0,0.000127921444321,326.063252766,324.633215689,1.4300370770000086,0.31980361080249997,3.605295127601467e-09,10_to_40ns,local_runtime/igbt_seb_thermal_runs/A01_v2500_let15_y3p5_thermal__R1_thermo_coupled_to60__20260713T064449946Z__1d9cd23a/postprocess/r1_transient_raw.csv,112,True
raw_transient,R1_THERMO_COUPLED_TCONT300,A01_v2500_let15_y3p5_thermal__R1_thermo_coupled_to60__20260713T064449946Z__1d9cd23a,4e-08,40.0,2500.0,0.000133712875878,326.123112142,324.633215689,1.4898964530000285,0.334282189695,3.796654907174642e-09,40_to_60ns,local_runtime/igbt_seb_thermal_runs/A01_v2500_let15_y3p5_thermal__R1_thermo_coupled_to60__20260713T064449946Z__1d9cd23a/postprocess/r1_transient_raw.csv,113,True
raw_transient,R1_THERMO_COUPLED_TCONT300,A01_v2500_let15_y3p5_thermal__R1_thermo_coupled_to60__20260713T064449946Z__1d9cd23a,4.001e-08,40.01,2500.0,0.000133802342625,326.124135144,324.633215689,1.4909194549999825,0.3345058565625,3.799998847405929e-09,40_to_60ns,local_runtime/igbt_seb_thermal_runs/A01_v2500_let15_y3p5_thermal__R1_thermo_coupled_to60__20260713T064449946Z__1d9cd23a/postprocess/r1_transient_raw.csv,114,True
raw_transient,R1_THERMO_COUPLED_TCONT300,A01_v2500_let15_y3p5_thermal__R1_thermo_coupled_to60__20260713T064449946Z__1d9cd23a,4.0024e-08,40.024,2500.0,0.000133935007932,326.125567268,324.633215689,1.492351579000001,0.33483751983000004,3.804684251040678e-09,40_to_60ns,local_runtime/igbt_seb_thermal_runs/A01_v2500_let15_y3p5_thermal__R1_thermo_coupled_to60__20260713T064449946Z__1d9cd23a/postprocess/r1_transient_raw.csv,115,True
raw_transient,R1_THERMO_COUPLED_TCONT300,A01_v2500_let15_y3p5_thermal__R1_thermo_coupled_to60__20260713T064449946Z__1d9cd23a,4.00436e-08,40.043600000000005,2500.0,0.000134125711583,326.127572077,324.633215689,1.4943563880000283,0.33531427895750004,3.8112517386687954e-09,40_to_60ns,local_runtime/igbt_seb_thermal_runs/A01_v2500_let15_y3p5_thermal__R1_thermo_coupled_to60__20260713T064449946Z__1d9cd23a/postprocess/r1_transient_raw.csv,116,True
raw_transient,R1_THERMO_COUPLED_TCONT300,A01_v2500_let15_y3p5_thermal__R1_thermo_coupled_to60__20260713T064449946Z__1d9cd23a,4.007104e-08,40.07104,2500.0,0.000134398319311,326.130378586,324.633215689,1.4971628970000097,0.3359957982775,3.82046211292846e-09,40_to_60ns,local_runtime/igbt_seb_thermal_runs/A01_v2500_let15_y3p5_thermal__R1_thermo_coupled_to60__20260713T064449946Z__1d9cd23a/postprocess/r1_transient_raw.csv,117,True
raw_transient,R1_THERMO_COUPLED_TCONT300,A01_v2500_let15_y3p5_thermal__R1_thermo_coupled_to60__20260713T064449946Z__1d9cd23a,4.0109456e-08,40.109456,2500.0,0.000134785483782,326.134307683,324.633215689,1.501091993999978,0.33696370945500004,3.833388319152984e-09,40_to_60ns,local_runtime/igbt_seb_thermal_runs/A01_v2500_let15_y3p5_thermal__R1_thermo_coupled_to60__20260713T064449946Z__1d9cd23a/postprocess/r1_transient_raw.csv,118,True
raw_transient,R1_THERMO_COUPLED_TCONT300,A01_v2500_let15_y3p5_thermal__R1_thermo_coupled_to60__20260713T064449946Z__1d9cd23a,4.01632384e-08,40.1632384,2500.0,0.00013533002991,326.139809271,324.633215689,1.5065935819999936,0.338325074775,3.851547644907469e-09,40_to_60ns,local_runtime/igbt_seb_thermal_runs/A01_v2500_let15_y3p5_thermal__R1_thermo_coupled_to60__20260713T064449946Z__1d9cd23a/postprocess/r1_transient_raw.csv,119,True
raw_transient,R1_THERMO_COUPLED_TCONT300,A01_v2500_let15_y3p5_thermal__R1_thermo_coupled_to60__20260713T064449946Z__1d9cd23a,4.023853376e-08,40.23853376,2500.0,0.000136091970258,326.147513959,324.633215689,1.5142982699999834,0.340229925645,3.8770936664256826e-09,40_to_60ns,local_runtime/igbt_seb_thermal_runs/A01_v2500_let15_y3p5_thermal__R1_thermo_coupled_to60__20260713T064449946Z__1d9cd23a/postprocess/r1_transient_raw.csv,120,True
raw_transient,R1_THERMO_COUPLED_TCONT300,A01_v2500_let15_y3p5_thermal__R1_thermo_coupled_to60__20260713T064449946Z__1d9cd23a,4.0343947264e-08,40.343947264,2500.0,0.000137157195257,326.158303661,324.633215689,1.5250879719999944,0.34289298814249997,3.913098856428197e-09,40_to_60ns,local_runtime/igbt_seb_thermal_runs/A01_v2500_let15_y3p5_thermal__R1_thermo_coupled_to60__20260713T064449946Z__1d9cd23a/postprocess/r1_transient_raw.csv,121,True
raw_transient,R1_THERMO_COUPLED_TCONT300,A01_v2500_let15_y3p5_thermal__R1_thermo_coupled_to60__20260713T064449946Z__1d9cd23a,4.04915261696e-08,40.4915261696,2500.0,0.000138644878754,326.17397536,324.633215689,1.5407596709999893,0.346612196885,3.963977066734139e-09,40_to_60ns,local_runtime/igbt_seb_thermal_runs/A01_v2500_let15_y3p5_thermal__R1_thermo_coupled_to60__20260713T064449946Z__1d9cd23a/postprocess/r1_transient_raw.csv,122,True
raw_transient,R1_THERMO_COUPLED_TCONT300,A01_v2500_let15_y3p5_thermal__R1_thermo_coupled_to60__20260713T064449946Z__1d9cd23a,4.06981366374e-08,40.6981366374,2500.0,0.000140759592271,326.196695137,324.633215689,1.5634794480000096,0.3518989806775,4.036136927313996e-09,40_to_60ns,local_runtime/igbt_seb_thermal_runs/A01_v2500_let15_y3p5_thermal__R1_thermo_coupled_to60__20260713T064449946Z__1d9cd23a/postprocess/r1_transient_raw.csv,123,True
raw_transient,R1_THERMO_COUPLED_TCONT300,A01_v2500_let15_y3p5_thermal__R1_thermo_coupled_to60__20260713T064449946Z__1d9cd23a,4.09873912924e-08,40.9873912924,2500.0,0.000143827983831,326.228520147,324.633215689,1.5953044579999869,0.3595699595775,4.1390347787423345e-09,40_to_60ns,local_runtime/igbt_seb_thermal_runs/A01_v2500_let15_y3p5_thermal__R1_thermo_coupled_to60__20260713T064449946Z__1d9cd23a/postprocess/r1_transient_raw.csv,124,True
raw_transient,R1_THERMO_COUPLED_TCONT300,A01_v2500_let15_y3p5_thermal__R1_thermo_coupled_to60__20260713T064449946Z__1d9cd23a,4.13923478094e-08,41.3923478094,2500.0,0.000148255594248,326.273127092,324.633215689,1.639911402999985,0.37063898562,4.2868862143070465e-09,40_to_60ns,local_runtime/igbt_seb_thermal_runs/A01_v2500_let15_y3p5_thermal__R1_thermo_coupled_to60__20260713T064449946Z__1d9cd23a/postprocess/r1_transient_raw.csv,125,True
raw_transient,R1_THERMO_COUPLED_TCONT300,A01_v2500_let15_y3p5_thermal__R1_thermo_coupled_to60__20260713T064449946Z__1d9cd23a,4.19592869331e-08,41.9592869331,2500.0,0.000154717323646,326.335665597,324.633215689,1.7024499080000055,0.386793309115,4.501595215026617e-09,40_to_60ns,local_runtime/igbt_seb_thermal_runs/A01_v2500_let15_y3p5_thermal__R1_thermo_coupled_to60__20260713T064449946Z__1d9cd23a/postprocess/r1_transient_raw.csv,126,True
raw_transient,R1_THERMO_COUPLED_TCONT300,A01_v2500_let15_y3p5_thermal__R1_thermo_coupled_to60__20260713T064449946Z__1d9cd23a,4.27530017064e-08,42.7530017064,2500.0,0.000164453008274,326.42967352,324.633215689,1.796457830999998,0.411132520685,4.818257974581576e-09,40_to_60ns,local_runtime/igbt_seb_thermal_runs/A01_v2500_let15_y3p5_thermal__R1_thermo_coupled_to60__20260713T064449946Z__1d9cd23a/postprocess/r1_transient_raw.csv,127,True
raw_transient,R1_THERMO_COUPLED_TCONT300,A01_v2500_let15_y3p5_thermal__R1_thermo_coupled_to60__20260713T064449946Z__1d9cd23a,4.38642023889e-08,43.8642023889,2500.0,0.000179406633699,326.568783359,324.633215689,1.9355676700000117,0.4485165842475,5.29587931063733e-09,40_to_60ns,local_runtime/igbt_seb_thermal_runs/A01_v2500_let15_y3p5_thermal__R1_thermo_coupled_to60__20260713T064449946Z__1d9cd23a/postprocess/r1_transient_raw.csv,128,True
raw_transient,R1_THERMO_COUPLED_TCONT300,A01_v2500_let15_y3p5_thermal__R1_thermo_coupled_to60__20260713T064449946Z__1d9cd23a,4.54198833445e-08,45.4198833445,2500.0,0.000203209660048,326.790002528,324.633215689,2.156786839000006,0.50802415012,6.03991541249291e-09,40_to_60ns,local_runtime/igbt_seb_thermal_runs/A01_v2500_let15_y3p5_thermal__R1_thermo_coupled_to60__20260713T064449946Z__1d9cd23a/postprocess/r1_transient_raw.csv,129,True
raw_transient,R1_THERMO_COUPLED_TCONT300,A01_v2500_let15_y3p5_thermal__R1_thermo_coupled_to60__20260713T064449946Z__1d9cd23a,4.75978366823e-08,47.5978366823,2500.0,0.000243037530464,327.170973426,324.633215689,2.5377577369999926,0.60759382616,7.254797360067266e-09,40_to_60ns,local_runtime/igbt_seb_thermal_runs/A01_v2500_let15_y3p5_thermal__R1_thermo_coupled_to60__20260713T064449946Z__1d9cd23a/postprocess/r1_transient_raw.csv,130,True
raw_transient,R1_THERMO_COUPLED_TCONT300,A01_v2500_let15_y3p5_thermal__R1_thermo_coupled_to60__20260713T064449946Z__1d9cd23a,4.87989183412e-08,48.7989183412,2500.0,0.000267078810836,327.423264417,324.633215689,2.790048727999988,0.6676970270899999,8.020661586868017e-09,40_to_60ns,local_runtime/igbt_seb_thermal_runs/A01_v2500_let15_y3p5_thermal__R1_thermo_coupled_to60__20260713T064449946Z__1d9cd23a/postprocess/r1_transient_raw.csv,131,True
raw_transient,R1_THERMO_COUPLED_TCONT300,A01_v2500_let15_y3p5_thermal__R1_thermo_coupled_to60__20260713T064449946Z__1d9cd23a,4.93994591706e-08,49.399459170600004,2500.0,0.000279636559354,327.563948762,324.633215689,2.930733072999999,0.699091398385,8.431067714192558e-09,40_to_60ns,local_runtime/igbt_seb_thermal_runs/A01_v2500_let15_y3p5_thermal__R1_thermo_coupled_to60__20260713T064449946Z__1d9cd23a/postprocess/r1_transient_raw.csv,132,True
raw_transient,R1_THERMO_COUPLED_TCONT300,A01_v2500_let15_y3p5_thermal__R1_thermo_coupled_to60__20260713T064449946Z__1d9cd23a,5e-08,50.0,2500.0,0.000292788274736,327.716506392,324.633215689,3.0832907029999888,0.73197068684,8.860773319984513e-09,40_to_60ns,local_runtime/igbt_seb_thermal_runs/A01_v2500_let15_y3p5_thermal__R1_thermo_coupled_to60__20260713T064449946Z__1d9cd23a/postprocess/r1_transient_raw.csv,133,True
raw_transient,R1_THERMO_COUPLED_TCONT300,A01_v2500_let15_y3p5_thermal__R1_thermo_coupled_to60__20260713T064449946Z__1d9cd23a,5.001e-08,50.010000000000005,2500.0,0.000293003631704,327.719094427,324.633215689,3.0858787380000194,0.73250907926,8.868095718815017e-09,40_to_60ns,local_runtime/igbt_seb_thermal_runs/A01_v2500_let15_y3p5_thermal__R1_thermo_coupled_to60__20260713T064449946Z__1d9cd23a/postprocess/r1_transient_raw.csv,134,True
raw_transient,R1_THERMO_COUPLED_TCONT300,A01_v2500_let15_y3p5_thermal__R1_thermo_coupled_to60__20260713T064449946Z__1d9cd23a,5.0024e-08,50.024,2500.0,0.000293308066979,327.722719578,324.633215689,3.0895038890000137,0.7332701674475,8.878356173541966e-09,40_to_60ns,local_runtime/igbt_seb_thermal_runs/A01_v2500_let15_y3p5_thermal__R1_thermo_coupled_to60__20260713T064449946Z__1d9cd23a/postprocess/r1_transient_raw.csv,135,True
raw_transient,R1_THERMO_COUPLED_TCONT300,A01_v2500_let15_y3p5_thermal__R1_thermo_coupled_to60__20260713T064449946Z__1d9cd23a,5.00436e-08,50.0436,2500.0,0.00029373579245,327.727798514,324.633215689,3.094582825000032,0.7343394811249999,8.892738748097977e-09,40_to_60ns,local_runtime/igbt_seb_thermal_runs/A01_v2500_let15_y3p5_thermal__R1_thermo_coupled_to60__20260713T064449946Z__1d9cd23a/postprocess/r1_transient_raw.csv,136,True
raw_transient,R1_THERMO_COUPLED_TCONT300,A01_v2500_let15_y3p5_thermal__R1_thermo_coupled_to60__20260713T064449946Z__1d9cd23a,5.007104e-08,50.071039999999996,2500.0,0.000294336563608,327.73491635,324.633215689,3.1017006609999953,0.73584140902,8.912909629910766e-09,40_to_60ns,local_runtime/igbt_seb_thermal_runs/A01_v2500_let15_y3p5_thermal__R1_thermo_coupled_to60__20260713T064449946Z__1d9cd23a/postprocess/r1_transient_raw.csv,137,True
raw_transient,R1_THERMO_COUPLED_TCONT300,A01_v2500_let15_y3p5_thermal__R1_thermo_coupled_to60__20260713T064449946Z__1d9cd23a,5.0109456e-08,50.109456,2500.0,0.000295181511462,327.744895851,324.633215689,3.1116801620000274,0.737953778655,8.94121828787563e-09,40_to_60ns,local_runtime/igbt_seb_thermal_runs/A01_v2500_let15_y3p5_thermal__R1_thermo_coupled_to60__20260713T064449946Z__1d9cd23a/postprocess/r1_transient_raw.csv,138,True
raw_transient,R1_THERMO_COUPLED_TCONT300,A01_v2500_let15_y3p5_thermal__R1_thermo_coupled_to60__20260713T064449946Z__1d9cd23a,5.01632384e-08,50.1632384,2500.0,0.000296371119993,327.75889622,324.633215689,3.1256805310000004,0.7409277999825,8.980987188183087e-09,40_to_60ns,local_runtime/igbt_seb_thermal_runs/A01_v2500_let15_y3p5_thermal__R1_thermo_coupled_to60__20260713T064449946Z__1d9cd23a/postprocess/r1_transient_raw.csv,139,True
raw_transient,R1_THERMO_COUPLED_TCONT300,A01_v2500_let15_y3p5_thermal__R1_thermo_coupled_to60__20260713T064449946Z__1d9cd23a,5.023853376e-08,50.238533759999996,2500.0,0.000298046453028,327.778554697,324.633215689,3.1453390080000077,0.74511613257,9.036933294621763e-09,40_to_60ns,local_runtime/igbt_seb_thermal_runs/A01_v2500_let15_y3p5_thermal__R1_thermo_coupled_to60__20260713T064449946Z__1d9cd23a/postprocess/r1_transient_raw.csv,140,True
raw_transient,R1_THERMO_COUPLED_TCONT300,A01_v2500_let15_y3p5_thermal__R1_thermo_coupled_to60__20260713T064449946Z__1d9cd23a,5.0343947264e-08,50.34394726399999,2500.0,0.00030040966388,327.806191076,324.633215689,3.172975387000008,0.7510241596999999,9.115789989963644e-09,40_to_60ns,local_runtime/igbt_seb_thermal_runs/A01_v2500_let15_y3p5_thermal__R1_thermo_coupled_to60__20260713T064449946Z__1d9cd23a/postprocess/r1_transient_raw.csv,141,True
raw_transient,R1_THERMO_COUPLED_TCONT300,A01_v2500_let15_y3p5_thermal__R1_thermo_coupled_to60__20260713T064449946Z__1d9cd23a,5.04915261696e-08,50.4915261696,2500.0,0.000303754295777,327.847431268,324.633215689,3.2142155789999833,0.7593857394425,9.227242309925074e-09,40_to_60ns,local_runtime/igbt_seb_thermal_runs/A01_v2500_let15_y3p5_thermal__R1_thermo_coupled_to60__20260713T064449946Z__1d9cd23a/postprocess/r1_transient_raw.csv,142,True
raw_transient,R1_THERMO_COUPLED_TCONT300,A01_v2500_let15_y3p5_thermal__R1_thermo_coupled_to60__20260713T064449946Z__1d9cd23a,5.06981366374e-08,50.6981366374,2500.0,0.000308509340248,327.906600833,324.633215689,3.2733851440000308,0.77127335062,9.385367405245143e-09,40_to_60ns,local_runtime/igbt_seb_thermal_runs/A01_v2500_let15_y3p5_thermal__R1_thermo_coupled_to60__20260713T064449946Z__1d9cd23a/postprocess/r1_transient_raw.csv,143,True
raw_transient,R1_THERMO_COUPLED_TCONT300,A01_v2500_let15_y3p5_thermal__R1_thermo_coupled_to60__20260713T064449946Z__1d9cd23a,5.09873912924e-08,50.987391292400005,2500.0,0.000315312552139,327.990447742,324.633215689,3.3572320530000184,0.7882813803475,9.610921638074956e-09,40_to_60ns,local_runtime/igbt_seb_thermal_runs/A01_v2500_let15_y3p5_thermal__R1_thermo_coupled_to60__20260713T064449946Z__1d9cd23a/postprocess/r1_transient_raw.csv,144,True
raw_transient,R1_THERMO_COUPLED_TCONT300,A01_v2500_let15_y3p5_thermal__R1_thermo_coupled_to60__20260713T064449946Z__1d9cd23a,5.13923478094e-08,51.3923478094,2500.0,0.000325134584583,328.114094184,324.633215689,3.480878495000013,0.8128364614575,9.935113190336907e-09,40_to_60ns,local_runtime/igbt_seb_thermal_runs/A01_v2500_let15_y3p5_thermal__R1_thermo_coupled_to60__20260713T064449946Z__1d9cd23a/postprocess/r1_transient_raw.csv,145,True
raw_transient,R1_THERMO_COUPLED_TCONT300,A01_v2500_let15_y3p5_thermal__R1_thermo_coupled_to60__20260713T064449946Z__1d9cd23a,5.19592869331e-08,51.959286933099996,2500.0,0.000339474897301,328.298462803,324.633215689,3.6652471140000102,0.8486872432524999,1.040610458691444e-08,40_to_60ns,local_runtime/igbt_seb_thermal_runs/A01_v2500_let15_y3p5_thermal__R1_thermo_coupled_to60__20260713T064449946Z__1d9cd23a/postprocess/r1_transient_raw.csv,146,True
raw_transient,R1_THERMO_COUPLED_TCONT300,A01_v2500_let15_y3p5_thermal__R1_thermo_coupled_to60__20260713T064449946Z__1d9cd23a,5.27530017064e-08,52.7530017064,2500.0,0.000360768880884,328.58419809,324.633215689,3.950982400999976,0.90192220221,1.1100846876485496e-08,40_to_60ns,local_runtime/igbt_seb_thermal_runs/A01_v2500_let15_y3p5_thermal__R1_thermo_coupled_to60__20260713T064449946Z__1d9cd23a/postprocess/r1_transient_raw.csv,147,True
raw_transient,R1_THERMO_COUPLED_TCONT300,A01_v2500_let15_y3p5_thermal__R1_thermo_coupled_to60__20260713T064449946Z__1d9cd23a,5.3030801877e-08,53.030801877,2500.0,0.000368338846815,328.690467957,324.633215689,4.057252268000013,0.9208471170375001,1.1354029690411196e-08,40_to_60ns,local_runtime/igbt_seb_thermal_runs/A01_v2500_let15_y3p5_thermal__R1_thermo_coupled_to60__20260713T064449946Z__1d9cd23a/postprocess/r1_transient_raw.csv,148,True
raw_transient,R1_THERMO_COUPLED_TCONT300,A01_v2500_let15_y3p5_thermal__R1_thermo_coupled_to60__20260713T064449946Z__1d9cd23a,5.34197221159e-08,53.4197221159,2500.0,0.00037924633206,328.845905583,324.633215689,4.212689893999993,0.94811583015,1.1717468448368905e-08,40_to_60ns,local_runtime/igbt_seb_thermal_runs/A01_v2500_let15_y3p5_thermal__R1_thermo_coupled_to60__20260713T064449946Z__1d9cd23a/postprocess/r1_transient_raw.csv,149,True
raw_transient,R1_THERMO_COUPLED_TCONT300,A01_v2500_let15_y3p5_thermal__R1_thermo_coupled_to60__20260713T064449946Z__1d9cd23a,5.39642104504e-08,53.9642104504,2500.0,0.000395123535384,329.075669875,324.633215689,4.44245418600002,0.98780883846,1.2244512647633366e-08,40_to_60ns,local_runtime/igbt_seb_thermal_runs/A01_v2500_let15_y3p5_thermal__R1_thermo_coupled_to60__20260713T064449946Z__1d9cd23a/postprocess/r1_transient_raw.csv,150,True
raw_transient,R1_THERMO_COUPLED_TCONT300,A01_v2500_let15_y3p5_thermal__R1_thermo_coupled_to60__20260713T064449946Z__1d9cd23a,5.47264941186e-08,54.7264941186,2500.0,0.000418594143733,329.425011995,324.633215689,4.791796305999981,1.0464853593325,1.3019867269278984e-08,40_to_60ns,local_runtime/igbt_seb_thermal_runs/A01_v2500_let15_y3p5_thermal__R1_thermo_coupled_to60__20260713T064449946Z__1d9cd23a/postprocess/r1_transient_raw.csv,151,True
raw_transient,R1_THERMO_COUPLED_TCONT300,A01_v2500_let15_y3p5_thermal__R1_thermo_coupled_to60__20260713T064449946Z__1d9cd23a,5.57936912541e-08,55.7936912541,2500.0,0.000454049855367,329.977912829,324.633215689,5.344697139999994,1.1351246384175,1.4183971239467463e-08,40_to_60ns,local_runtime/igbt_seb_thermal_runs/A01_v2500_let15_y3p5_thermal__R1_thermo_coupled_to60__20260713T064449946Z__1d9cd23a/postprocess/r1_transient_raw.csv,152,True
raw_transient,R1_THERMO_COUPLED_TCONT300,A01_v2500_let15_y3p5_thermal__R1_thermo_coupled_to60__20260713T064449946Z__1d9cd23a,5.6540729249e-08,56.540729249,2500.0,0.000480088212135,330.398727845,324.633215689,5.765512156,1.2002205303375,1.505626702560053e-08,40_to_60ns,local_runtime/igbt_seb_thermal_runs/A01_v2500_let15_y3p5_thermal__R1_thermo_coupled_to60__20260713T064449946Z__1d9cd23a/postprocess/r1_transient_raw.csv,153,True
raw_transient,R1_THERMO_COUPLED_TCONT300,A01_v2500_let15_y3p5_thermal__R1_thermo_coupled_to60__20260713T064449946Z__1d9cd23a,5.68021925472e-08,56.8021925472,2500.0,0.000489320627824,330.732953808,324.633215689,6.099738118999994,1.22330156956,1.537309806635043e-08,40_to_60ns,local_runtime/igbt_seb_thermal_runs/A01_v2500_let15_y3p5_thermal__R1_thermo_coupled_to60__20260713T064449946Z__1d9cd23a/postprocess/r1_transient_raw.csv,154,True
raw_transient,R1_THERMO_COUPLED_TCONT300,A01_v2500_let15_y3p5_thermal__R1_thermo_coupled_to60__20260713T064449946Z__1d9cd23a,5.71682411647e-08,57.1682411647,2500.0,0.000502578144826,331.456963447,324.633215689,6.8237477580000245,1.256445362065,1.5826952034386022e-08,40_to_60ns,local_runtime/igbt_seb_thermal_runs/A01_v2500_let15_y3p5_thermal__R1_thermo_coupled_to60__20260713T064449946Z__1d9cd23a/postprocess/r1_transient_raw.csv,155,True
raw_transient,R1_THERMO_COUPLED_TCONT300,A01_v2500_let15_y3p5_thermal__R1_thermo_coupled_to60__20260713T064449946Z__1d9cd23a,5.76807092292e-08,57.6807092292,2500.0,0.00052180043577,332.461348442,324.633215689,7.828132752999977,1.3045010894250002,1.6483153670027634e-08,40_to_60ns,local_runtime/igbt_seb_thermal_runs/A01_v2500_let15_y3p5_thermal__R1_thermo_coupled_to60__20260713T064449946Z__1d9cd23a/postprocess/r1_transient_raw.csv,156,True
raw_transient,R1_THERMO_COUPLED_TCONT300,A01_v2500_let15_y3p5_thermal__R1_thermo_coupled_to60__20260713T064449946Z__1d9cd23a,5.83981645194e-08,58.3981645194,2500.0,0.000550060996888,333.843817157,324.633215689,9.210601467999993,1.37515249222,1.7444419489054925e-08,40_to_60ns,local_runtime/igbt_seb_thermal_runs/A01_v2500_let15_y3p5_thermal__R1_thermo_coupled_to60__20260713T064449946Z__1d9cd23a/postprocess/r1_transient_raw.csv,157,True
raw_transient,R1_THERMO_COUPLED_TCONT300,A01_v2500_let15_y3p5_thermal__R1_thermo_coupled_to60__20260713T064449946Z__1d9cd23a,5.94026019258e-08,59.4026019258,2500.0,0.000592416057639,335.787947561,324.633215689,11.154731872000013,1.4810401440975,1.8878852850955688e-08,40_to_60ns,local_runtime/igbt_seb_thermal_runs/A01_v2500_let15_y3p5_thermal__R1_thermo_coupled_to60__20260713T064449946Z__1d9cd23a/postprocess/r1_transient_raw.csv,158,True
raw_transient,R1_THERMO_COUPLED_TCONT300,A01_v2500_let15_y3p5_thermal__R1_thermo_coupled_to60__20260713T064449946Z__1d9cd23a,6e-08,59.99999999999999,2500.0,0.000618470808908,336.930591687,324.633215689,12.297375998000007,1.54617702227,1.9783079703642245e-08,40_to_60ns,local_runtime/igbt_seb_thermal_runs/A01_v2500_let15_y3p5_thermal__R1_thermo_coupled_to60__20260713T064449946Z__1d9cd23a/postprocess/r1_transient_raw.csv,159,True
