sample_kind,variant,time_s,time_ns,vce_v,ic_a_um,power_w_um,cumulative_port_energy_j_um,source_csv,source_plt,source_row,temperature_delivery,temperature_equation_not_solved,temperature_semantics,diagnostic_only
raw_plt,R2,1e-13,0.0001,2500.0,1.31235387961e-07,0.00032808846990250003,0.0,docs/changes/2026-07-13-igbt-seb-现有数据复盘/data/r2_plt.csv,local_runtime/igbt_seb_thermal_runs/A01_v2500_let15_y3p5_thermal__R2_thermo_locked_300_to60__20260713T093117597Z__4c085443/artifacts/transient_r2_locked300.plt,2,TDR_frozen_field,True,No transient Tmax or deltaT; see r2_thermal_tdr_frozen_snapshots.csv.,True
raw_plt,R2,2.5e-13,0.00025,2500.0,1.31249127504e-07,0.00032812281876000004,4.92158466496875e-17,docs/changes/2026-07-13-igbt-seb-现有数据复盘/data/r2_plt.csv,local_runtime/igbt_seb_thermal_runs/A01_v2500_let15_y3p5_thermal__R2_thermo_locked_300_to60__20260713T093117597Z__4c085443/artifacts/transient_r2_locked300.plt,3,TDR_frozen_field,True,No transient Tmax or deltaT; see r2_thermal_tdr_frozen_snapshots.csv.,True
raw_plt,R2,4.75e-13,0.000475,2500.0,1.31249134341e-07,0.0003281228358525,1.2304348279359375e-16,docs/changes/2026-07-13-igbt-seb-现有数据复盘/data/r2_plt.csv,local_runtime/igbt_seb_thermal_runs/A01_v2500_let15_y3p5_thermal__R2_thermo_locked_300_to60__20260713T093117597Z__4c085443/artifacts/transient_r2_locked300.plt,4,TDR_frozen_field,True,No transient Tmax or deltaT; see r2_thermal_tdr_frozen_snapshots.csv.,True
raw_plt,R2,8.125e-13,0.0008125000000000001,2500.0,1.3124913084e-07,0.00032812282709999995,2.337849384168281e-16,docs/changes/2026-07-13-igbt-seb-现有数据复盘/data/r2_plt.csv,local_runtime/igbt_seb_thermal_runs/A01_v2500_let15_y3p5_thermal__R2_thermo_locked_300_to60__20260713T093117597Z__4c085443/artifacts/transient_r2_locked300.plt,5,TDR_frozen_field,True,No transient Tmax or deltaT; see r2_thermal_tdr_frozen_snapshots.csv.,True
raw_plt,R2,1.31875e-12,0.00131875,2500.0,1.31249131706e-07,0.00032812282926499996,3.998971201842187e-16,docs/changes/2026-07-13-igbt-seb-现有数据复盘/data/r2_plt.csv,local_runtime/igbt_seb_thermal_runs/A01_v2500_let15_y3p5_thermal__R2_thermo_locked_300_to60__20260713T093117597Z__4c085443/artifacts/transient_r2_locked300.plt,6,TDR_frozen_field,True,No transient Tmax or deltaT; see r2_thermal_tdr_frozen_snapshots.csv.,True
raw_plt,R2,2.078125e-12,0.002078125,2500.0,1.31249136956e-07,0.00032812284239,6.490653986407265e-16,docs/changes/2026-07-13-igbt-seb-现有数据复盘/data/r2_plt.csv,local_runtime/igbt_seb_thermal_runs/A01_v2500_let15_y3p5_thermal__R2_thermo_locked_300_to60__20260713T093117597Z__4c085443/artifacts/transient_r2_locked300.plt,7,TDR_frozen_field,True,No transient Tmax or deltaT; see r2_thermal_tdr_frozen_snapshots.csv.,True
raw_plt,R2,3.2171875e-12,0.0032171875,2500.0,1.31249132346e-07,0.000328122830865,1.0228178172367383e-15,docs/changes/2026-07-13-igbt-seb-现有数据复盘/data/r2_plt.csv,local_runtime/igbt_seb_thermal_runs/A01_v2500_let15_y3p5_thermal__R2_thermo_locked_300_to60__20260713T093117597Z__4c085443/artifacts/transient_r2_locked300.plt,8,TDR_frozen_field,True,No transient Tmax or deltaT; see r2_thermal_tdr_frozen_snapshots.csv.,True
raw_plt,R2,4.92578125e-12,0.0049257812500000005,2500.0,1.31249133481e-07,0.0003281228337025,1.5834464377090519e-15,docs/changes/2026-07-13-igbt-seb-现有数据复盘/data/r2_plt.csv,local_runtime/igbt_seb_thermal_runs/A01_v2500_let15_y3p5_thermal__R2_thermo_locked_300_to60__20260713T093117597Z__4c085443/artifacts/transient_r2_locked300.plt,9,TDR_frozen_field,True,No transient Tmax or deltaT; see r2_thermal_tdr_frozen_snapshots.csv.,True
raw_plt,R2,7.488671875e-12,0.007488671875,2500.0,1.31249134133e-07,0.0003281228353325,2.424389374142379e-15,docs/changes/2026-07-13-igbt-seb-现有数据复盘/data/r2_plt.csv,local_runtime/igbt_seb_thermal_runs/A01_v2500_let15_y3p5_thermal__R2_thermo_locked_300_to60__20260713T093117597Z__4c085443/artifacts/transient_r2_locked300.plt,10,TDR_frozen_field,True,No transient Tmax or deltaT; see r2_thermal_tdr_frozen_snapshots.csv.,True
raw_plt,R2,1.13330078125e-11,0.0113330078125,2500.0,1.31249133422e-07,0.000328122833555,3.68580377850885e-15,docs/changes/2026-07-13-igbt-seb-现有数据复盘/data/r2_plt.csv,local_runtime/igbt_seb_thermal_runs/A01_v2500_let15_y3p5_thermal__R2_thermo_locked_300_to60__20260713T093117597Z__4c085443/artifacts/transient_r2_locked300.plt,11,TDR_frozen_field,True,No transient Tmax or deltaT; see r2_thermal_tdr_frozen_snapshots.csv.,True
raw_plt,R2,1.70995117188e-11,0.0170995117188,2500.0,1.31249132803e-07,0.00032812283200750003,5.577925375488151e-15,docs/changes/2026-07-13-igbt-seb-现有数据复盘/data/r2_plt.csv,local_runtime/igbt_seb_thermal_runs/A01_v2500_let15_y3p5_thermal__R2_thermo_locked_300_to60__20260713T093117597Z__4c085443/artifacts/transient_r2_locked300.plt,12,TDR_frozen_field,True,No transient Tmax or deltaT; see r2_thermal_tdr_frozen_snapshots.csv.,True
raw_plt,R2,2.57492675781e-11,0.0257492675781,2500.0,1.31249133002e-07,0.00032812283250499997,8.416107766366761e-15,docs/changes/2026-07-13-igbt-seb-现有数据复盘/data/r2_plt.csv,local_runtime/igbt_seb_thermal_runs/A01_v2500_let15_y3p5_thermal__R2_thermo_locked_300_to60__20260713T093117597Z__4c085443/artifacts/transient_r2_locked300.plt,13,TDR_frozen_field,True,No transient Tmax or deltaT; see r2_thermal_tdr_frozen_snapshots.csv.,True
raw_plt,R2,3.57492675781e-11,0.0357492675781,2500.0,1.31249132697e-07,0.0003281228317425,1.1697336087604261e-14,docs/changes/2026-07-13-igbt-seb-现有数据复盘/data/r2_plt.csv,local_runtime/igbt_seb_thermal_runs/A01_v2500_let15_y3p5_thermal__R2_thermo_locked_300_to60__20260713T093117597Z__4c085443/artifacts/transient_r2_locked300.plt,14,TDR_frozen_field,True,No transient Tmax or deltaT; see r2_thermal_tdr_frozen_snapshots.csv.,True
raw_plt,R2,4.57492675781e-11,0.0457492675781,2500.0,1.31249134994e-07,0.000328122837485,1.497856443374176e-14,docs/changes/2026-07-13-igbt-seb-现有数据复盘/data/r2_plt.csv,local_runtime/igbt_seb_thermal_runs/A01_v2500_let15_y3p5_thermal__R2_thermo_locked_300_to60__20260713T093117597Z__4c085443/artifacts/transient_r2_locked300.plt,15,TDR_frozen_field,True,No transient Tmax or deltaT; see r2_thermal_tdr_frozen_snapshots.csv.,True
raw_plt,R2,5.57492675781e-11,0.0557492675781,2500.0,1.31249133424e-07,0.00032812283355999997,1.825979278896676e-14,docs/changes/2026-07-13-igbt-seb-现有数据复盘/data/r2_plt.csv,local_runtime/igbt_seb_thermal_runs/A01_v2500_let15_y3p5_thermal__R2_thermo_locked_300_to60__20260713T093117597Z__4c085443/artifacts/transient_r2_locked300.plt,16,TDR_frozen_field,True,No transient Tmax or deltaT; see r2_thermal_tdr_frozen_snapshots.csv.,True
raw_plt,R2,6.57492675781e-11,0.0657492675781,2500.0,1.3124913316e-07,0.0003281228329,2.154102112126676e-14,docs/changes/2026-07-13-igbt-seb-现有数据复盘/data/r2_plt.csv,local_runtime/igbt_seb_thermal_runs/A01_v2500_let15_y3p5_thermal__R2_thermo_locked_300_to60__20260713T093117597Z__4c085443/artifacts/transient_r2_locked300.plt,17,TDR_frozen_field,True,No transient Tmax or deltaT; see r2_thermal_tdr_frozen_snapshots.csv.,True
raw_plt,R2,7.57492675781e-11,0.07574926757810001,2500.0,1.31249134166e-07,0.000328122835415,2.4822249462841762e-14,docs/changes/2026-07-13-igbt-seb-现有数据复盘/data/r2_plt.csv,local_runtime/igbt_seb_thermal_runs/A01_v2500_let15_y3p5_thermal__R2_thermo_locked_300_to60__20260713T093117597Z__4c085443/artifacts/transient_r2_locked300.plt,18,TDR_frozen_field,True,No transient Tmax or deltaT; see r2_thermal_tdr_frozen_snapshots.csv.,True
raw_plt,R2,8.57492675781e-11,0.0857492675781,2500.0,1.31249133962e-07,0.00032812283490500003,2.810347781444176e-14,docs/changes/2026-07-13-igbt-seb-现有数据复盘/data/r2_plt.csv,local_runtime/igbt_seb_thermal_runs/A01_v2500_let15_y3p5_thermal__R2_thermo_locked_300_to60__20260713T093117597Z__4c085443/artifacts/transient_r2_locked300.plt,19,TDR_frozen_field,True,No transient Tmax or deltaT; see r2_thermal_tdr_frozen_snapshots.csv.,True
raw_plt,R2,9.57492675781e-11,0.0957492675781,2500.0,3.49989153508e-05,0.087497288377,4.67230533873967e-13,docs/changes/2026-07-13-igbt-seb-现有数据复盘/data/r2_plt.csv,local_runtime/igbt_seb_thermal_runs/A01_v2500_let15_y3p5_thermal__R2_thermo_locked_300_to60__20260713T093117597Z__4c085443/artifacts/transient_r2_locked300.plt,20,TDR_frozen_field,True,No transient Tmax or deltaT; see r2_thermal_tdr_frozen_snapshots.csv.,True
raw_plt,R2,9.8e-11,0.098,2500.0,4.63190700697e-05,0.11579767517425,6.960118167108551e-13,docs/changes/2026-07-13-igbt-seb-现有数据复盘/data/r2_plt.csv,local_runtime/igbt_seb_thermal_runs/A01_v2500_let15_y3p5_thermal__R2_thermo_locked_300_to60__20260713T093117597Z__4c085443/artifacts/transient_r2_locked300.plt,21,TDR_frozen_field,True,No transient Tmax or deltaT; see r2_thermal_tdr_frozen_snapshots.csv.,True
raw_plt,R2,9.82e-11,0.0982,2500.0,2.16721472743e-05,0.05418036818575,7.130096210468549e-13,docs/changes/2026-07-13-igbt-seb-现有数据复盘/data/r2_plt.csv,local_runtime/igbt_seb_thermal_runs/A01_v2500_let15_y3p5_thermal__R2_thermo_locked_300_to60__20260713T093117597Z__4c085443/artifacts/transient_r2_locked300.plt,22,TDR_frozen_field,True,No transient Tmax or deltaT; see r2_thermal_tdr_frozen_snapshots.csv.,True
raw_plt,R2,9.84e-11,0.0984,2500.0,9.60675504938e-06,0.024016887623449997,7.208293466277753e-13,docs/changes/2026-07-13-igbt-seb-现有数据复盘/data/r2_plt.csv,local_runtime/igbt_seb_thermal_runs/A01_v2500_let15_y3p5_thermal__R2_thermo_locked_300_to60__20260713T093117597Z__4c085443/artifacts/transient_r2_locked300.plt,23,TDR_frozen_field,True,No transient Tmax or deltaT; see r2_thermal_tdr_frozen_snapshots.csv.,True
raw_plt,R2,9.86e-11,0.09860000000000001,2500.0,4.47742839824e-06,0.011193570995599998,7.243503924896802e-13,docs/changes/2026-07-13-igbt-seb-现有数据复盘/data/r2_plt.csv,local_runtime/igbt_seb_thermal_runs/A01_v2500_let15_y3p5_thermal__R2_thermo_locked_300_to60__20260713T093117597Z__4c085443/artifacts/transient_r2_locked300.plt,24,TDR_frozen_field,True,No transient Tmax or deltaT; see r2_thermal_tdr_frozen_snapshots.csv.,True
raw_plt,R2,9.88e-11,0.0988,2500.0,2.485405502e-06,0.0062135137549999995,7.260911009647402e-13,docs/changes/2026-07-13-igbt-seb-现有数据复盘/data/r2_plt.csv,local_runtime/igbt_seb_thermal_runs/A01_v2500_let15_y3p5_thermal__R2_thermo_locked_300_to60__20260713T093117597Z__4c085443/artifacts/transient_r2_locked300.plt,25,TDR_frozen_field,True,No transient Tmax or deltaT; see r2_thermal_tdr_frozen_snapshots.csv.,True
raw_plt,R2,9.9e-11,0.09899999999999999,2500.0,1.75489640214e-06,0.00438724100535,7.271511764407752e-13,docs/changes/2026-07-13-igbt-seb-现有数据复盘/data/r2_plt.csv,local_runtime/igbt_seb_thermal_runs/A01_v2500_let15_y3p5_thermal__R2_thermo_locked_300_to60__20260713T093117597Z__4c085443/artifacts/transient_r2_locked300.plt,26,TDR_frozen_field,True,No transient Tmax or deltaT; see r2_thermal_tdr_frozen_snapshots.csv.,True
raw_plt,R2,9.92e-11,0.09920000000000001,2500.0,1.49036239955e-06,0.003725905998875,7.279624911411977e-13,docs/changes/2026-07-13-igbt-seb-现有数据复盘/data/r2_plt.csv,local_runtime/igbt_seb_thermal_runs/A01_v2500_let15_y3p5_thermal__R2_thermo_locked_300_to60__20260713T093117597Z__4c085443/artifacts/transient_r2_locked300.plt,27,TDR_frozen_field,True,No transient Tmax or deltaT; see r2_thermal_tdr_frozen_snapshots.csv.,True
raw_plt,R2,9.94e-11,0.0994,2500.0,1.38916997155e-06,0.0034729249288750004,7.286823742339727e-13,docs/changes/2026-07-13-igbt-seb-现有数据复盘/data/r2_plt.csv,local_runtime/igbt_seb_thermal_runs/A01_v2500_let15_y3p5_thermal__R2_thermo_locked_300_to60__20260713T093117597Z__4c085443/artifacts/transient_r2_locked300.plt,28,TDR_frozen_field,True,No transient Tmax or deltaT; see r2_thermal_tdr_frozen_snapshots.csv.,True
raw_plt,R2,9.96e-11,0.0996,2500.0,1.345041526e-06,0.003362603815,7.293659271083602e-13,docs/changes/2026-07-13-igbt-seb-现有数据复盘/data/r2_plt.csv,local_runtime/igbt_seb_thermal_runs/A01_v2500_let15_y3p5_thermal__R2_thermo_locked_300_to60__20260713T093117597Z__4c085443/artifacts/transient_r2_locked300.plt,29,TDR_frozen_field,True,No transient Tmax or deltaT; see r2_thermal_tdr_frozen_snapshots.csv.,True
raw_plt,R2,9.98e-11,0.0998,2500.0,1.32205862069e-06,0.003305146551725,7.300327021450327e-13,docs/changes/2026-07-13-igbt-seb-现有数据复盘/data/r2_plt.csv,local_runtime/igbt_seb_thermal_runs/A01_v2500_let15_y3p5_thermal__R2_thermo_locked_300_to60__20260713T093117597Z__4c085443/artifacts/transient_r2_locked300.plt,30,TDR_frozen_field,True,No transient Tmax or deltaT; see r2_thermal_tdr_frozen_snapshots.csv.,True
raw_plt,R2,1e-10,0.1,2500.0,1.30771566614e-06,0.00326928916535,7.306901457167402e-13,docs/changes/2026-07-13-igbt-seb-现有数据复盘/data/r2_plt.csv,local_runtime/igbt_seb_thermal_runs/A01_v2500_let15_y3p5_thermal__R2_thermo_locked_300_to60__20260713T093117597Z__4c085443/artifacts/transient_r2_locked300.plt,31,TDR_frozen_field,True,No transient Tmax or deltaT; see r2_thermal_tdr_frozen_snapshots.csv.,True
raw_plt,R2,1.002e-10,0.1002,2500.0,1.29712743184e-06,0.0032428185795999997,7.313413564912352e-13,docs/changes/2026-07-13-igbt-seb-现有数据复盘/data/r2_plt.csv,local_runtime/igbt_seb_thermal_runs/A01_v2500_let15_y3p5_thermal__R2_thermo_locked_300_to60__20260713T093117597Z__4c085443/artifacts/transient_r2_locked300.plt,32,TDR_frozen_field,True,No transient Tmax or deltaT; see r2_thermal_tdr_frozen_snapshots.csv.,True
raw_plt,R2,1.004e-10,0.1004,2500.0,1.28809532925e-06,0.003220238323125,7.319876621815077e-13,docs/changes/2026-07-13-igbt-seb-现有数据复盘/data/r2_plt.csv,local_runtime/igbt_seb_thermal_runs/A01_v2500_let15_y3p5_thermal__R2_thermo_locked_300_to60__20260713T093117597Z__4c085443/artifacts/transient_r2_locked300.plt,33,TDR_frozen_field,True,No transient Tmax or deltaT; see r2_thermal_tdr_frozen_snapshots.csv.,True
raw_plt,R2,1.006e-10,0.1006,2500.0,1.27962496807e-06,0.003199062420175,7.326295922558376e-13,docs/changes/2026-07-13-igbt-seb-现有数据复盘/data/r2_plt.csv,local_runtime/igbt_seb_thermal_runs/A01_v2500_let15_y3p5_thermal__R2_thermo_locked_300_to60__20260713T093117597Z__4c085443/artifacts/transient_r2_locked300.plt,34,TDR_frozen_field,True,No transient Tmax or deltaT; see r2_thermal_tdr_frozen_snapshots.csv.,True
raw_plt,R2,1.008e-10,0.1008,2500.0,1.27141388775e-06,0.003178534719375,7.332673519697926e-13,docs/changes/2026-07-13-igbt-seb-现有数据复盘/data/r2_plt.csv,local_runtime/igbt_seb_thermal_runs/A01_v2500_let15_y3p5_thermal__R2_thermo_locked_300_to60__20260713T093117597Z__4c085443/artifacts/transient_r2_locked300.plt,35,TDR_frozen_field,True,No transient Tmax or deltaT; see r2_thermal_tdr_frozen_snapshots.csv.,True
raw_plt,R2,1.01e-10,0.101,2500.0,1.26353943294e-06,0.00315884858235,7.339010902999651e-13,docs/changes/2026-07-13-igbt-seb-现有数据复盘/data/r2_plt.csv,local_runtime/igbt_seb_thermal_runs/A01_v2500_let15_y3p5_thermal__R2_thermo_locked_300_to60__20260713T093117597Z__4c085443/artifacts/transient_r2_locked300.plt,36,TDR_frozen_field,True,No transient Tmax or deltaT; see r2_thermal_tdr_frozen_snapshots.csv.,True
raw_plt,R2,1.012e-10,0.1012,2500.0,1.25620006231e-06,0.003140500155775,7.345310251737776e-13,docs/changes/2026-07-13-igbt-seb-现有数据复盘/data/r2_plt.csv,local_runtime/igbt_seb_thermal_runs/A01_v2500_let15_y3p5_thermal__R2_thermo_locked_300_to60__20260713T093117597Z__4c085443/artifacts/transient_r2_locked300.plt,37,TDR_frozen_field,True,No transient Tmax or deltaT; see r2_thermal_tdr_frozen_snapshots.csv.,True
raw_plt,R2,1.014e-10,0.10139999999999999,2500.0,1.24955240644e-06,0.0031238810161,7.351574632909651e-13,docs/changes/2026-07-13-igbt-seb-现有数据复盘/data/r2_plt.csv,local_runtime/igbt_seb_thermal_runs/A01_v2500_let15_y3p5_thermal__R2_thermo_locked_300_to60__20260713T093117597Z__4c085443/artifacts/transient_r2_locked300.plt,38,TDR_frozen_field,True,No transient Tmax or deltaT; see r2_thermal_tdr_frozen_snapshots.csv.,True
raw_plt,R2,1.016e-10,0.10160000000000001,2500.0,1.24365492795e-06,0.0031091373198750003,7.357807651245627e-13,docs/changes/2026-07-13-igbt-seb-现有数据复盘/data/r2_plt.csv,local_runtime/igbt_seb_thermal_runs/A01_v2500_let15_y3p5_thermal__R2_thermo_locked_300_to60__20260713T093117597Z__4c085443/artifacts/transient_r2_locked300.plt,39,TDR_frozen_field,True,No transient Tmax or deltaT; see r2_thermal_tdr_frozen_snapshots.csv.,True
raw_plt,R2,1.018e-10,0.1018,2500.0,1.23847960534e-06,0.00309619901335,7.364012987578851e-13,docs/changes/2026-07-13-igbt-seb-现有数据复盘/data/r2_plt.csv,local_runtime/igbt_seb_thermal_runs/A01_v2500_let15_y3p5_thermal__R2_thermo_locked_300_to60__20260713T093117597Z__4c085443/artifacts/transient_r2_locked300.plt,40,TDR_frozen_field,True,No transient Tmax or deltaT; see r2_thermal_tdr_frozen_snapshots.csv.,True
raw_plt,R2,1.02e-10,0.102,2500.0,1.23394203938e-06,0.00308485509845,7.370194041690651e-13,docs/changes/2026-07-13-igbt-seb-现有数据复盘/data/r2_plt.csv,local_runtime/igbt_seb_thermal_runs/A01_v2500_let15_y3p5_thermal__R2_thermo_locked_300_to60__20260713T093117597Z__4c085443/artifacts/transient_r2_locked300.plt,41,TDR_frozen_field,True,No transient Tmax or deltaT; see r2_thermal_tdr_frozen_snapshots.csv.,True
raw_plt,R2,1.022e-10,0.10220000000000001,2500.0,1.22992257977e-06,0.003074806449425,7.376353703238526e-13,docs/changes/2026-07-13-igbt-seb-现有数据复盘/data/r2_plt.csv,local_runtime/igbt_seb_thermal_runs/A01_v2500_let15_y3p5_thermal__R2_thermo_locked_300_to60__20260713T093117597Z__4c085443/artifacts/transient_r2_locked300.plt,42,TDR_frozen_field,True,No transient Tmax or deltaT; see r2_thermal_tdr_frozen_snapshots.csv.,True
raw_plt,R2,1.0248e-10,0.10248,2500.0,1.22529794282e-06,0.00306324485705,7.384946975067591e-13,docs/changes/2026-07-13-igbt-seb-现有数据复盘/data/r2_plt.csv,local_runtime/igbt_seb_thermal_runs/A01_v2500_let15_y3p5_thermal__R2_thermo_locked_300_to60__20260713T093117597Z__4c085443/artifacts/transient_r2_locked300.plt,43,TDR_frozen_field,True,No transient Tmax or deltaT; see r2_thermal_tdr_frozen_snapshots.csv.,True
raw_plt,R2,1.02872e-10,0.10287199999999999,2500.0,1.21987406167e-06,0.0030496851541750004,7.396928317889591e-13,docs/changes/2026-07-13-igbt-seb-现有数据复盘/data/r2_plt.csv,local_runtime/igbt_seb_thermal_runs/A01_v2500_let15_y3p5_thermal__R2_thermo_locked_300_to60__20260713T093117597Z__4c085443/artifacts/transient_r2_locked300.plt,44,TDR_frozen_field,True,No transient Tmax or deltaT; see r2_thermal_tdr_frozen_snapshots.csv.,True
raw_plt,R2,1.034208e-10,0.1034208,2500.0,1.21275040885e-06,0.003031876022125,7.413616121757359e-13,docs/changes/2026-07-13-igbt-seb-现有数据复盘/data/r2_plt.csv,local_runtime/igbt_seb_thermal_runs/A01_v2500_let15_y3p5_thermal__R2_thermo_locked_300_to60__20260713T093117597Z__4c085443/artifacts/transient_r2_locked300.plt,45,TDR_frozen_field,True,No transient Tmax or deltaT; see r2_thermal_tdr_frozen_snapshots.csv.,True
raw_plt,R2,1.0418912e-10,0.10418912,2500.0,1.20247833736e-06,0.0030061958434,7.43681197863596e-13,docs/changes/2026-07-13-igbt-seb-现有数据复盘/data/r2_plt.csv,local_runtime/igbt_seb_thermal_runs/A01_v2500_let15_y3p5_thermal__R2_thermo_locked_300_to60__20260713T093117597Z__4c085443/artifacts/transient_r2_locked300.plt,46,TDR_frozen_field,True,No transient Tmax or deltaT; see r2_thermal_tdr_frozen_snapshots.csv.,True
raw_plt,R2,1.05264768e-10,0.10526476800000001,2500.0,1.18961593779e-06,0.002974039844475,7.468975121421917e-13,docs/changes/2026-07-13-igbt-seb-现有数据复盘/data/r2_plt.csv,local_runtime/igbt_seb_thermal_runs/A01_v2500_let15_y3p5_thermal__R2_thermo_locked_300_to60__20260713T093117597Z__4c085443/artifacts/transient_r2_locked300.plt,47,TDR_frozen_field,True,No transient Tmax or deltaT; see r2_thermal_tdr_frozen_snapshots.csv.,True
raw_plt,R2,1.067706752e-10,0.1067706752,2500.0,1.17542469189e-06,0.002938561729725,7.513494267828513e-13,docs/changes/2026-07-13-igbt-seb-现有数据复盘/data/r2_plt.csv,local_runtime/igbt_seb_thermal_runs/A01_v2500_let15_y3p5_thermal__R2_thermo_locked_300_to60__20260713T093117597Z__4c085443/artifacts/transient_r2_locked300.plt,48,TDR_frozen_field,True,No transient Tmax or deltaT; see r2_thermal_tdr_frozen_snapshots.csv.,True
raw_plt,R2,1.0887894528e-10,0.10887894528,2500.0,1.15812570797e-06,0.0028953142699250003,7.574991198930974e-13,docs/changes/2026-07-13-igbt-seb-现有数据复盘/data/r2_plt.csv,local_runtime/igbt_seb_thermal_runs/A01_v2500_let15_y3p5_thermal__R2_thermo_locked_300_to60__20260713T093117597Z__4c085443/artifacts/transient_r2_locked300.plt,49,TDR_frozen_field,True,No transient Tmax or deltaT; see r2_thermal_tdr_frozen_snapshots.csv.,True
raw_plt,R2,1.11830523392e-10,0.111830523392,2500.0,1.13850521765e-06,0.0028462630441249996,7.659724768573503e-13,docs/changes/2026-07-13-igbt-seb-现有数据复盘/data/r2_plt.csv,local_runtime/igbt_seb_thermal_runs/A01_v2500_let15_y3p5_thermal__R2_thermo_locked_300_to60__20260713T093117597Z__4c085443/artifacts/transient_r2_locked300.plt,50,TDR_frozen_field,True,No transient Tmax or deltaT; see r2_thermal_tdr_frozen_snapshots.csv.,True
raw_plt,R2,1.15962732749e-10,0.115962732749,2500.0,1.11857914588e-06,0.0027964478646999996,7.776309082654967e-13,docs/changes/2026-07-13-igbt-seb-现有数据复盘/data/r2_plt.csv,local_runtime/igbt_seb_thermal_runs/A01_v2500_let15_y3p5_thermal__R2_thermo_locked_300_to60__20260713T093117597Z__4c085443/artifacts/transient_r2_locked300.plt,51,TDR_frozen_field,True,No transient Tmax or deltaT; see r2_thermal_tdr_frozen_snapshots.csv.,True
raw_plt,R2,1.21747825848e-10,0.121747825848,2500.0,1.10285883023e-06,0.002757147075575,7.936949401473097e-13,docs/changes/2026-07-13-igbt-seb-现有数据复盘/data/r2_plt.csv,local_runtime/igbt_seb_thermal_runs/A01_v2500_let15_y3p5_thermal__R2_thermo_locked_300_to60__20260713T093117597Z__4c085443/artifacts/transient_r2_locked300.plt,52,TDR_frozen_field,True,No transient Tmax or deltaT; see r2_thermal_tdr_frozen_snapshots.csv.,True
raw_plt,R2,1.29846956188e-10,0.129846956188,2500.0,1.09515796955e-06,0.002737894923875,8.159474708359696e-13,docs/changes/2026-07-13-igbt-seb-现有数据复盘/data/r2_plt.csv,local_runtime/igbt_seb_thermal_runs/A01_v2500_let15_y3p5_thermal__R2_thermo_locked_300_to60__20260713T093117597Z__4c085443/artifacts/transient_r2_locked300.plt,53,TDR_frozen_field,True,No transient Tmax or deltaT; see r2_thermal_tdr_frozen_snapshots.csv.,True
raw_plt,R2,1.41185738663e-10,0.14118573866300002,2500.0,1.09405563226e-06,0.00273513908065,8.469762418637632e-13,docs/changes/2026-07-13-igbt-seb-现有数据复盘/data/r2_plt.csv,local_runtime/igbt_seb_thermal_runs/A01_v2500_let15_y3p5_thermal__R2_thermo_locked_300_to60__20260713T093117597Z__4c085443/artifacts/transient_r2_locked300.plt,54,TDR_frozen_field,True,No transient Tmax or deltaT; see r2_thermal_tdr_frozen_snapshots.csv.,True
raw_plt,R2,1.57060034128e-10,0.15706003412800001,2500.0,1.09119984071e-06,0.002727999601775,8.903379806693057e-13,docs/changes/2026-07-13-igbt-seb-现有数据复盘/data/r2_plt.csv,local_runtime/igbt_seb_thermal_runs/A01_v2500_let15_y3p5_thermal__R2_thermo_locked_300_to60__20260713T093117597Z__4c085443/artifacts/transient_r2_locked300.plt,55,TDR_frozen_field,True,No transient Tmax or deltaT; see r2_thermal_tdr_frozen_snapshots.csv.,True
raw_plt,R2,1.79284047779e-10,0.179284047779,2500.0,1.0822199411e-06,0.00270554985275,9.507156192946794e-13,docs/changes/2026-07-13-igbt-seb-现有数据复盘/data/r2_plt.csv,local_runtime/igbt_seb_thermal_runs/A01_v2500_let15_y3p5_thermal__R2_thermo_locked_300_to60__20260713T093117597Z__4c085443/artifacts/transient_r2_locked300.plt,56,TDR_frozen_field,True,No transient Tmax or deltaT; see r2_thermal_tdr_frozen_snapshots.csv.,True
raw_plt,R2,2.1039766689e-10,0.21039766689,2500.0,1.07251660424e-06,0.0026812915106,1.0345176844900053e-12,docs/changes/2026-07-13-igbt-seb-现有数据复盘/data/r2_plt.csv,local_runtime/igbt_seb_thermal_runs/A01_v2500_let15_y3p5_thermal__R2_thermo_locked_300_to60__20260713T093117597Z__4c085443/artifacts/transient_r2_locked300.plt,57,TDR_frozen_field,True,No transient Tmax or deltaT; see r2_thermal_tdr_frozen_snapshots.csv.,True
raw_plt,R2,2.53956733647e-10,0.253956733647,2500.0,1.0686110618e-06,0.0026715276545,1.1510995881653753e-12,docs/changes/2026-07-13-igbt-seb-现有数据复盘/data/r2_plt.csv,local_runtime/igbt_seb_thermal_runs/A01_v2500_let15_y3p5_thermal__R2_thermo_locked_300_to60__20260713T093117597Z__4c085443/artifacts/transient_r2_locked300.plt,58,TDR_frozen_field,True,No transient Tmax or deltaT; see r2_thermal_tdr_frozen_snapshots.csv.,True
raw_plt,R2,3.14939427105e-10,0.314939427105,2500.0,1.07253538104e-06,0.0026813384526,1.3143156846308739e-12,docs/changes/2026-07-13-igbt-seb-现有数据复盘/data/r2_plt.csv,local_runtime/igbt_seb_thermal_runs/A01_v2500_let15_y3p5_thermal__R2_thermo_locked_300_to60__20260713T093117597Z__4c085443/artifacts/transient_r2_locked300.plt,59,TDR_frozen_field,True,No transient Tmax or deltaT; see r2_thermal_tdr_frozen_snapshots.csv.,True
raw_plt,R2,4e-10,0.4,2500.0,1.08433059112e-06,0.0027108264778,1.5436460036929498e-12,docs/changes/2026-07-13-igbt-seb-现有数据复盘/data/r2_plt.csv,local_runtime/igbt_seb_thermal_runs/A01_v2500_let15_y3p5_thermal__R2_thermo_locked_300_to60__20260713T093117597Z__4c085443/artifacts/transient_r2_locked300.plt,60,TDR_frozen_field,True,No transient Tmax or deltaT; see r2_thermal_tdr_frozen_snapshots.csv.,True
raw_plt,R2,4.1e-10,0.41,2500.0,1.08515905227e-06,0.0027128976306749998,1.5707646242353247e-12,docs/changes/2026-07-13-igbt-seb-现有数据复盘/data/r2_plt.csv,local_runtime/igbt_seb_thermal_runs/A01_v2500_let15_y3p5_thermal__R2_thermo_locked_300_to60__20260713T093117597Z__4c085443/artifacts/transient_r2_locked300.plt,61,TDR_frozen_field,True,No transient Tmax or deltaT; see r2_thermal_tdr_frozen_snapshots.csv.,True
raw_plt,R2,4.24e-10,0.424,2500.0,1.08677380311e-06,0.002716934507775,1.6087734492044748e-12,docs/changes/2026-07-13-igbt-seb-现有数据复盘/data/r2_plt.csv,local_runtime/igbt_seb_thermal_runs/A01_v2500_let15_y3p5_thermal__R2_thermo_locked_300_to60__20260713T093117597Z__4c085443/artifacts/transient_r2_locked300.plt,62,TDR_frozen_field,True,No transient Tmax or deltaT; see r2_thermal_tdr_frozen_snapshots.csv.,True
raw_plt,R2,4.436e-10,0.4436,2500.0,1.08949795595e-06,0.002723744889875,1.6620921073014447e-12,docs/changes/2026-07-13-igbt-seb-现有数据复盘/data/r2_plt.csv,local_runtime/igbt_seb_thermal_runs/A01_v2500_let15_y3p5_thermal__R2_thermo_locked_300_to60__20260713T093117597Z__4c085443/artifacts/transient_r2_locked300.plt,63,TDR_frozen_field,True,No transient Tmax or deltaT; see r2_thermal_tdr_frozen_snapshots.csv.,True
raw_plt,R2,4.7104e-10,0.47103999999999996,2500.0,1.09378661377e-06,0.002734466534425,1.7369787680428406e-12,docs/changes/2026-07-13-igbt-seb-现有数据复盘/data/r2_plt.csv,local_runtime/igbt_seb_thermal_runs/A01_v2500_let15_y3p5_thermal__R2_thermo_locked_300_to60__20260713T093117597Z__4c085443/artifacts/transient_r2_locked300.plt,64,TDR_frozen_field,True,No transient Tmax or deltaT; see r2_thermal_tdr_frozen_snapshots.csv.,True
raw_plt,R2,5.09456e-10,0.509456,2500.0,1.10037809821e-06,0.002750945245525,1.84234255751212e-12,docs/changes/2026-07-13-igbt-seb-现有数据复盘/data/r2_plt.csv,local_runtime/igbt_seb_thermal_runs/A01_v2500_let15_y3p5_thermal__R2_thermo_locked_300_to60__20260713T093117597Z__4c085443/artifacts/transient_r2_locked300.plt,65,TDR_frozen_field,True,No transient Tmax or deltaT; see r2_thermal_tdr_frozen_snapshots.csv.,True
raw_plt,R2,5.632384e-10,0.5632384,2500.0,1.11043756674e-06,0.0027760939168500003,1.990971273035379e-12,docs/changes/2026-07-13-igbt-seb-现有数据复盘/data/r2_plt.csv,local_runtime/igbt_seb_thermal_runs/A01_v2500_let15_y3p5_thermal__R2_thermo_locked_300_to60__20260713T093117597Z__4c085443/artifacts/transient_r2_locked300.plt,66,TDR_frozen_field,True,No transient Tmax or deltaT; see r2_thermal_tdr_frozen_snapshots.csv.,True
raw_plt,R2,6.3853376e-10,0.63853376,2500.0,1.12593379281e-06,0.002814834482025,2.201456756299137e-12,docs/changes/2026-07-13-igbt-seb-现有数据复盘/data/r2_plt.csv,local_runtime/igbt_seb_thermal_runs/A01_v2500_let15_y3p5_thermal__R2_thermo_locked_300_to60__20260713T093117597Z__4c085443/artifacts/transient_r2_locked300.plt,67,TDR_frozen_field,True,No transient Tmax or deltaT; see r2_thermal_tdr_frozen_snapshots.csv.,True
raw_plt,R2,7.43947264e-10,0.743947264,2500.0,1.15044050601e-06,0.002876101265025,2.5014074953668363e-12,docs/changes/2026-07-13-igbt-seb-现有数据复盘/data/r2_plt.csv,local_runtime/igbt_seb_thermal_runs/A01_v2500_let15_y3p5_thermal__R2_thermo_locked_300_to60__20260713T093117597Z__4c085443/artifacts/transient_r2_locked300.plt,68,TDR_frozen_field,True,No transient Tmax or deltaT; see r2_thermal_tdr_frozen_snapshots.csv.,True
raw_plt,R2,8.915261696e-10,0.8915261696,2500.0,1.18645790874e-06,0.0029661447718499997,2.932503633550811e-12,docs/changes/2026-07-13-igbt-seb-现有数据复盘/data/r2_plt.csv,local_runtime/igbt_seb_thermal_runs/A01_v2500_let15_y3p5_thermal__R2_thermo_locked_300_to60__20260713T093117597Z__4c085443/artifacts/transient_r2_locked300.plt,69,TDR_frozen_field,True,No transient Tmax or deltaT; see r2_thermal_tdr_frozen_snapshots.csv.,True
raw_plt,R2,1.09813663744e-09,1.0981366374400001,2500.0,1.24512751857e-06,0.003112818796425,3.5604923869626182e-12,docs/changes/2026-07-13-igbt-seb-现有数据复盘/data/r2_plt.csv,local_runtime/igbt_seb_thermal_runs/A01_v2500_let15_y3p5_thermal__R2_thermo_locked_300_to60__20260713T093117597Z__4c085443/artifacts/transient_r2_locked300.plt,70,TDR_frozen_field,True,No transient Tmax or deltaT; see r2_thermal_tdr_frozen_snapshots.csv.,True
raw_plt,R2,1.38739129242e-09,1.38739129242,2500.0,1.34442214911e-06,0.0033610553727749996,4.496791506560558e-12,docs/changes/2026-07-13-igbt-seb-现有数据复盘/data/r2_plt.csv,local_runtime/igbt_seb_thermal_runs/A01_v2500_let15_y3p5_thermal__R2_thermo_locked_300_to60__20260713T093117597Z__4c085443/artifacts/transient_r2_locked300.plt,71,TDR_frozen_field,True,No transient Tmax or deltaT; see r2_thermal_tdr_frozen_snapshots.csv.,True
raw_plt,R2,1.79234780938e-09,1.79234780938,2500.0,1.51155397357e-06,0.0037788849339250004,5.942474185512332e-12,docs/changes/2026-07-13-igbt-seb-现有数据复盘/data/r2_plt.csv,local_runtime/igbt_seb_thermal_runs/A01_v2500_let15_y3p5_thermal__R2_thermo_locked_300_to60__20260713T093117597Z__4c085443/artifacts/transient_r2_locked300.plt,72,TDR_frozen_field,True,No transient Tmax or deltaT; see r2_thermal_tdr_frozen_snapshots.csv.,True
raw_plt,R2,2.35928693314e-09,2.35928693314,2500.0,1.78196832677e-06,0.004454920816925,8.276507494310806e-12,docs/changes/2026-07-13-igbt-seb-现有数据复盘/data/r2_plt.csv,local_runtime/igbt_seb_thermal_runs/A01_v2500_let15_y3p5_thermal__R2_thermo_locked_300_to60__20260713T093117597Z__4c085443/artifacts/transient_r2_locked300.plt,73,TDR_frozen_field,True,No transient Tmax or deltaT; see r2_thermal_tdr_frozen_snapshots.csv.,True
raw_plt,R2,3.15300170639e-09,3.15300170639,2500.0,2.16814380211e-06,0.005420359505274999,1.2195585435168385e-11,docs/changes/2026-07-13-igbt-seb-现有数据复盘/data/r2_plt.csv,local_runtime/igbt_seb_thermal_runs/A01_v2500_let15_y3p5_thermal__R2_thermo_locked_300_to60__20260713T093117597Z__4c085443/artifacts/transient_r2_locked300.plt,74,TDR_frozen_field,True,No transient Tmax or deltaT; see r2_thermal_tdr_frozen_snapshots.csv.,True
raw_plt,R2,4.26420238895e-09,4.264202388949999,2500.0,2.70313398567e-06,0.006757834964175,1.8961794438569012e-11,docs/changes/2026-07-13-igbt-seb-现有数据复盘/data/r2_plt.csv,local_runtime/igbt_seb_thermal_runs/A01_v2500_let15_y3p5_thermal__R2_thermo_locked_300_to60__20260713T093117597Z__4c085443/artifacts/transient_r2_locked300.plt,75,TDR_frozen_field,True,No transient Tmax or deltaT; see r2_thermal_tdr_frozen_snapshots.csv.,True
raw_plt,R2,5.81988334452e-09,5.81988334452,2500.0,3.63271293897e-06,0.009081782347425,3.1282489936155516e-11,docs/changes/2026-07-13-igbt-seb-现有数据复盘/data/r2_plt.csv,local_runtime/igbt_seb_thermal_runs/A01_v2500_let15_y3p5_thermal__R2_thermo_locked_300_to60__20260713T093117597Z__4c085443/artifacts/transient_r2_locked300.plt,76,TDR_frozen_field,True,No transient Tmax or deltaT; see r2_thermal_tdr_frozen_snapshots.csv.,True
raw_plt,R2,7.99783668233e-09,7.99783668233,2500.0,5.53825190793e-06,0.013845629769825,5.624990681021056e-11,docs/changes/2026-07-13-igbt-seb-现有数据复盘/data/r2_plt.csv,local_runtime/igbt_seb_thermal_runs/A01_v2500_let15_y3p5_thermal__R2_thermo_locked_300_to60__20260713T093117597Z__4c085443/artifacts/transient_r2_locked300.plt,77,TDR_frozen_field,True,No transient Tmax or deltaT; see r2_thermal_tdr_frozen_snapshots.csv.,True
raw_plt,R2,1e-08,10.0,2500.0,7.85484178962e-06,0.019637104474050003,8.976885794940041e-11,docs/changes/2026-07-13-igbt-seb-现有数据复盘/data/r2_plt.csv,local_runtime/igbt_seb_thermal_runs/A01_v2500_let15_y3p5_thermal__R2_thermo_locked_300_to60__20260713T093117597Z__4c085443/artifacts/transient_r2_locked300.plt,78,TDR_frozen_field,True,No transient Tmax or deltaT; see r2_thermal_tdr_frozen_snapshots.csv.,True
raw_plt,R2,1.001e-08,10.01,2500.0,7.86608296644e-06,0.0196652074161,8.996536950885115e-11,docs/changes/2026-07-13-igbt-seb-现有数据复盘/data/r2_plt.csv,local_runtime/igbt_seb_thermal_runs/A01_v2500_let15_y3p5_thermal__R2_thermo_locked_300_to60__20260713T093117597Z__4c085443/artifacts/transient_r2_locked300.plt,79,TDR_frozen_field,True,No transient Tmax or deltaT; see r2_thermal_tdr_frozen_snapshots.csv.,True
raw_plt,R2,1.0024e-08,10.024,2500.0,7.88201994446e-06,0.01970504986115,9.024096130979189e-11,docs/changes/2026-07-13-igbt-seb-现有数据复盘/data/r2_plt.csv,local_runtime/igbt_seb_thermal_runs/A01_v2500_let15_y3p5_thermal__R2_thermo_locked_300_to60__20260713T093117597Z__4c085443/artifacts/transient_r2_locked300.plt,80,TDR_frozen_field,True,No transient Tmax or deltaT; see r2_thermal_tdr_frozen_snapshots.csv.,True
raw_plt,R2,1.00436e-08,10.0436,2500.0,7.9044553974e-06,0.019761138493500002,9.062772995566748e-11,docs/changes/2026-07-13-igbt-seb-现有数据复盘/data/r2_plt.csv,local_runtime/igbt_seb_thermal_runs/A01_v2500_let15_y3p5_thermal__R2_thermo_locked_300_to60__20260713T093117597Z__4c085443/artifacts/transient_r2_locked300.plt,81,TDR_frozen_field,True,No transient Tmax or deltaT; see r2_thermal_tdr_frozen_snapshots.csv.,True
raw_plt,R2,1.007104e-08,10.07104,2500.0,7.93602053216e-06,0.0198400513304,9.11710582800514e-11,docs/changes/2026-07-13-igbt-seb-现有数据复盘/data/r2_plt.csv,local_runtime/igbt_seb_thermal_runs/A01_v2500_let15_y3p5_thermal__R2_thermo_locked_300_to60__20260713T093117597Z__4c085443/artifacts/transient_r2_locked300.plt,82,TDR_frozen_field,True,No transient Tmax or deltaT; see r2_thermal_tdr_frozen_snapshots.csv.,True
raw_plt,R2,1.0109456e-08,10.109456,2500.0,7.98046503903e-06,0.019951162597574998,9.193536791717992e-11,docs/changes/2026-07-13-igbt-seb-现有数据复盘/data/r2_plt.csv,local_runtime/igbt_seb_thermal_runs/A01_v2500_let15_y3p5_thermal__R2_thermo_locked_300_to60__20260713T093117597Z__4c085443/artifacts/transient_r2_locked300.plt,83,TDR_frozen_field,True,No transient Tmax or deltaT; see r2_thermal_tdr_frozen_snapshots.csv.,True
raw_plt,R2,1.01632384e-08,10.1632384,2500.0,8.04313765077e-06,0.020107844126924998,9.30126026788098e-11,docs/changes/2026-07-13-igbt-seb-现有数据复盘/data/r2_plt.csv,local_runtime/igbt_seb_thermal_runs/A01_v2500_let15_y3p5_thermal__R2_thermo_locked_300_to60__20260713T093117597Z__4c085443/artifacts/transient_r2_locked300.plt,84,TDR_frozen_field,True,No transient Tmax or deltaT; see r2_thermal_tdr_frozen_snapshots.csv.,True
raw_plt,R2,1.023853376e-08,10.23853376,2500.0,8.13170536679e-06,0.020329263416975,9.453496596374812e-11,docs/changes/2026-07-13-igbt-seb-现有数据复盘/data/r2_plt.csv,local_runtime/igbt_seb_thermal_runs/A01_v2500_let15_y3p5_thermal__R2_thermo_locked_300_to60__20260713T093117597Z__4c085443/artifacts/transient_r2_locked300.plt,85,TDR_frozen_field,True,No transient Tmax or deltaT; see r2_thermal_tdr_frozen_snapshots.csv.,True
raw_plt,R2,1.0343947264e-08,10.343947263999999,2500.0,8.25724114355e-06,0.020643102858875002,9.669448631190251e-11,docs/changes/2026-07-13-igbt-seb-现有数据复盘/data/r2_plt.csv,local_runtime/igbt_seb_thermal_runs/A01_v2500_let15_y3p5_thermal__R2_thermo_locked_300_to60__20260713T093117597Z__4c085443/artifacts/transient_r2_locked300.plt,86,TDR_frozen_field,True,No transient Tmax or deltaT; see r2_thermal_tdr_frozen_snapshots.csv.,True
raw_plt,R2,1.04915261696e-08,10.491526169599998,2500.0,8.43589114186e-06,0.02108972785465,9.977392905404856e-11,docs/changes/2026-07-13-igbt-seb-现有数据复盘/data/r2_plt.csv,local_runtime/igbt_seb_thermal_runs/A01_v2500_let15_y3p5_thermal__R2_thermo_locked_300_to60__20260713T093117597Z__4c085443/artifacts/transient_r2_locked300.plt,87,TDR_frozen_field,True,No transient Tmax or deltaT; see r2_thermal_tdr_frozen_snapshots.csv.,True
raw_plt,R2,1.06981366374e-08,10.6981366374,2500.0,8.69143378991e-06,0.021728584474775003,1.0419728482444308e-10,docs/changes/2026-07-13-igbt-seb-现有数据复盘/data/r2_plt.csv,local_runtime/igbt_seb_thermal_runs/A01_v2500_let15_y3p5_thermal__R2_thermo_locked_300_to60__20260713T093117597Z__4c085443/artifacts/transient_r2_locked300.plt,88,TDR_frozen_field,True,No transient Tmax or deltaT; see r2_thermal_tdr_frozen_snapshots.csv.,True
raw_plt,R2,1.09873912924e-08,10.9873912924,2500.0,9.05933675464e-06,0.022648341886599997,1.1061540108675305e-10,docs/changes/2026-07-13-igbt-seb-现有数据复盘/data/r2_plt.csv,local_runtime/igbt_seb_thermal_runs/A01_v2500_let15_y3p5_thermal__R2_thermo_locked_300_to60__20260713T093117597Z__4c085443/artifacts/transient_r2_locked300.plt,89,TDR_frozen_field,True,No transient Tmax or deltaT; see r2_thermal_tdr_frozen_snapshots.csv.,True
raw_plt,R2,1.13923478094e-08,11.3923478094,2500.0,9.5946765701e-06,0.02398669142525,1.2005798141682591e-10,docs/changes/2026-07-13-igbt-seb-现有数据复盘/data/r2_plt.csv,local_runtime/igbt_seb_thermal_runs/A01_v2500_let15_y3p5_thermal__R2_thermo_locked_300_to60__20260713T093117597Z__4c085443/artifacts/transient_r2_locked300.plt,90,TDR_frozen_field,True,No transient Tmax or deltaT; see r2_thermal_tdr_frozen_snapshots.csv.,True
raw_plt,R2,1.19592869331e-08,11.9592869331,2500.0,1.03853459732e-05,0.025963364933000003,1.3421730200708184e-10,docs/changes/2026-07-13-igbt-seb-现有数据复盘/data/r2_plt.csv,local_runtime/igbt_seb_thermal_runs/A01_v2500_let15_y3p5_thermal__R2_thermo_locked_300_to60__20260713T093117597Z__4c085443/artifacts/transient_r2_locked300.plt,91,TDR_frozen_field,True,No transient Tmax or deltaT; see r2_thermal_tdr_frozen_snapshots.csv.,True
raw_plt,R2,1.27530017064e-08,12.7530017064,2500.0,1.15634225145e-05,0.028908556286249998,1.5599362926261807e-10,docs/changes/2026-07-13-igbt-seb-现有数据复盘/data/r2_plt.csv,local_runtime/igbt_seb_thermal_runs/A01_v2500_let15_y3p5_thermal__R2_thermo_locked_300_to60__20260713T093117597Z__4c085443/artifacts/transient_r2_locked300.plt,92,TDR_frozen_field,True,No transient Tmax or deltaT; see r2_thermal_tdr_frozen_snapshots.csv.,True
raw_plt,R2,1.38642023889e-08,13.864202388899999,2500.0,1.33314163972e-05,0.033328540993,1.9057258174937883e-10,docs/changes/2026-07-13-igbt-seb-现有数据复盘/data/r2_plt.csv,local_runtime/igbt_seb_thermal_runs/A01_v2500_let15_y3p5_thermal__R2_thermo_locked_300_to60__20260713T093117597Z__4c085443/artifacts/transient_r2_locked300.plt,93,TDR_frozen_field,True,No transient Tmax or deltaT; see r2_thermal_tdr_frozen_snapshots.csv.,True
raw_plt,R2,1.54198833445e-08,15.4198833445,2500.0,1.59974553893e-05,0.03999363847325,2.476055408587441e-10,docs/changes/2026-07-13-igbt-seb-现有数据复盘/data/r2_plt.csv,local_runtime/igbt_seb_thermal_runs/A01_v2500_let15_y3p5_thermal__R2_thermo_locked_300_to60__20260713T093117597Z__4c085443/artifacts/transient_r2_locked300.plt,94,TDR_frozen_field,True,No transient Tmax or deltaT; see r2_thermal_tdr_frozen_snapshots.csv.,True
raw_plt,R2,1.75978366823e-08,17.597836682300002,2500.0,2.01454863208e-05,0.050363715802000004,3.460025915280231e-10,docs/changes/2026-07-13-igbt-seb-现有数据复盘/data/r2_plt.csv,local_runtime/igbt_seb_thermal_runs/A01_v2500_let15_y3p5_thermal__R2_thermo_locked_300_to60__20260713T093117597Z__4c085443/artifacts/transient_r2_locked300.plt,95,TDR_frozen_field,True,No transient Tmax or deltaT; see r2_thermal_tdr_frozen_snapshots.csv.,True
raw_plt,R2,2.06469713553e-08,20.6469713553,2500.0,2.70637654917e-05,0.06765941372925001,5.259367997628754e-10,docs/changes/2026-07-13-igbt-seb-现有数据复盘/data/r2_plt.csv,local_runtime/igbt_seb_thermal_runs/A01_v2500_let15_y3p5_thermal__R2_thermo_locked_300_to60__20260713T093117597Z__4c085443/artifacts/transient_r2_locked300.plt,96,TDR_frozen_field,True,No transient Tmax or deltaT; see r2_thermal_tdr_frozen_snapshots.csv.,True
raw_plt,R2,2.27813656263e-08,22.7813656263,2500.0,3.25401144747e-05,0.08135028618675,6.849595246749452e-10,docs/changes/2026-07-13-igbt-seb-现有数据复盘/data/r2_plt.csv,local_runtime/igbt_seb_thermal_runs/A01_v2500_let15_y3p5_thermal__R2_thermo_locked_300_to60__20260713T093117597Z__4c085443/artifacts/transient_r2_locked300.plt,97,TDR_frozen_field,True,No transient Tmax or deltaT; see r2_thermal_tdr_frozen_snapshots.csv.,True
raw_plt,R2,2.57695176058e-08,25.769517605799997,2500.0,4.20723650839e-05,0.10518091270975,9.636513102854875e-10,docs/changes/2026-07-13-igbt-seb-现有数据复盘/data/r2_plt.csv,local_runtime/igbt_seb_thermal_runs/A01_v2500_let15_y3p5_thermal__R2_thermo_locked_300_to60__20260713T093117597Z__4c085443/artifacts/transient_r2_locked300.plt,98,TDR_frozen_field,True,No transient Tmax or deltaT; see r2_thermal_tdr_frozen_snapshots.csv.,True
raw_plt,R2,2.78612239914e-08,27.8612239914,2500.0,4.98577539602e-05,0.12464438490049999,1.2040148315773779e-09,docs/changes/2026-07-13-igbt-seb-现有数据复盘/data/r2_plt.csv,local_runtime/igbt_seb_thermal_runs/A01_v2500_let15_y3p5_thermal__R2_thermo_locked_300_to60__20260713T093117597Z__4c085443/artifacts/transient_r2_locked300.plt,99,TDR_frozen_field,True,No transient Tmax or deltaT; see r2_thermal_tdr_frozen_snapshots.csv.,True
raw_plt,R2,3.07896129313e-08,30.789612931300002,2500.0,6.39967159347e-05,0.15999178983675,1.6207775445753813e-09,docs/changes/2026-07-13-igbt-seb-现有数据复盘/data/r2_plt.csv,local_runtime/igbt_seb_thermal_runs/A01_v2500_let15_y3p5_thermal__R2_thermo_locked_300_to60__20260713T093117597Z__4c085443/artifacts/transient_r2_locked300.plt,100,TDR_frozen_field,True,No transient Tmax or deltaT; see r2_thermal_tdr_frozen_snapshots.csv.,True
raw_plt,R2,3.48893574471e-08,34.889357447100004,2500.0,9.39870132328e-05,0.234967533082,2.4303937036254944e-09,docs/changes/2026-07-13-igbt-seb-现有数据复盘/data/r2_plt.csv,local_runtime/igbt_seb_thermal_runs/A01_v2500_let15_y3p5_thermal__R2_thermo_locked_300_to60__20260713T093117597Z__4c085443/artifacts/transient_r2_locked300.plt,101,TDR_frozen_field,True,No transient Tmax or deltaT; see r2_thermal_tdr_frozen_snapshots.csv.,True
raw_plt,R2,4e-08,40.0,2500.0,0.000154028566338,0.385071415845,4.014792422046352e-09,docs/changes/2026-07-13-igbt-seb-现有数据复盘/data/r2_plt.csv,local_runtime/igbt_seb_thermal_runs/A01_v2500_let15_y3p5_thermal__R2_thermo_locked_300_to60__20260713T093117597Z__4c085443/artifacts/transient_r2_locked300.plt,102,TDR_frozen_field,True,No transient Tmax or deltaT; see r2_thermal_tdr_frozen_snapshots.csv.,True
raw_plt,R2,4.001e-08,40.01,2500.0,0.000153976828909,0.38494207227250005,4.0186424894869386e-09,docs/changes/2026-07-13-igbt-seb-现有数据复盘/data/r2_plt.csv,local_runtime/igbt_seb_thermal_runs/A01_v2500_let15_y3p5_thermal__R2_thermo_locked_300_to60__20260713T093117597Z__4c085443/artifacts/transient_r2_locked300.plt,103,TDR_frozen_field,True,No transient Tmax or deltaT; see r2_thermal_tdr_frozen_snapshots.csv.,True
raw_plt,R2,4.0024e-08,40.024,2500.0,0.000153963413089,0.38490853272250003,4.0240314437219046e-09,docs/changes/2026-07-13-igbt-seb-现有数据复盘/data/r2_plt.csv,local_runtime/igbt_seb_thermal_runs/A01_v2500_let15_y3p5_thermal__R2_thermo_locked_300_to60__20260713T093117597Z__4c085443/artifacts/transient_r2_locked300.plt,104,TDR_frozen_field,True,No transient Tmax or deltaT; see r2_thermal_tdr_frozen_snapshots.csv.,True
raw_plt,R2,4.00436e-08,40.043600000000005,2500.0,0.000154051308431,0.3851282710775,4.0315778043991446e-09,docs/changes/2026-07-13-igbt-seb-现有数据复盘/data/r2_plt.csv,local_runtime/igbt_seb_thermal_runs/A01_v2500_let15_y3p5_thermal__R2_thermo_locked_300_to60__20260713T093117597Z__4c085443/artifacts/transient_r2_locked300.plt,105,TDR_frozen_field,True,No transient Tmax or deltaT; see r2_thermal_tdr_frozen_snapshots.csv.,True
raw_plt,R2,4.007104e-08,40.07104,2500.0,0.000154319722437,0.38579930609249996,4.042154930757917e-09,docs/changes/2026-07-13-igbt-seb-现有数据复盘/data/r2_plt.csv,local_runtime/igbt_seb_thermal_runs/A01_v2500_let15_y3p5_thermal__R2_thermo_locked_300_to60__20260713T093117597Z__4c085443/artifacts/transient_r2_locked300.plt,106,TDR_frozen_field,True,No transient Tmax or deltaT; see r2_thermal_tdr_frozen_snapshots.csv.,True
raw_plt,R2,4.0109456e-08,40.109456,2500.0,0.000154820623273,0.38705155818250003,4.05699985015891e-09,docs/changes/2026-07-13-igbt-seb-现有数据复盘/data/r2_plt.csv,local_runtime/igbt_seb_thermal_runs/A01_v2500_let15_y3p5_thermal__R2_thermo_locked_300_to60__20260713T093117597Z__4c085443/artifacts/transient_r2_locked300.plt,107,TDR_frozen_field,True,No transient Tmax or deltaT; see r2_thermal_tdr_frozen_snapshots.csv.,True
raw_plt,R2,4.01632384e-08,40.1632384,2500.0,0.00015555630308,0.38889075770000003,4.077865870163769e-09,docs/changes/2026-07-13-igbt-seb-现有数据复盘/data/r2_plt.csv,local_runtime/igbt_seb_thermal_runs/A01_v2500_let15_y3p5_thermal__R2_thermo_locked_300_to60__20260713T093117597Z__4c085443/artifacts/transient_r2_locked300.plt,108,TDR_frozen_field,True,No transient Tmax or deltaT; see r2_thermal_tdr_frozen_snapshots.csv.,True
raw_plt,R2,4.023853376e-08,40.23853376,2500.0,0.000156508041697,0.39127010424249997,4.1072371166427055e-09,docs/changes/2026-07-13-igbt-seb-现有数据复盘/data/r2_plt.csv,local_runtime/igbt_seb_thermal_runs/A01_v2500_let15_y3p5_thermal__R2_thermo_locked_300_to60__20260713T093117597Z__4c085443/artifacts/transient_r2_locked300.plt,109,TDR_frozen_field,True,No transient Tmax or deltaT; see r2_thermal_tdr_frozen_snapshots.csv.,True
raw_plt,R2,4.0343947264e-08,40.343947264,2500.0,0.000157730090671,0.39432522667750003,4.148643294921863e-09,docs/changes/2026-07-13-igbt-seb-现有数据复盘/data/r2_plt.csv,local_runtime/igbt_seb_thermal_runs/A01_v2500_let15_y3p5_thermal__R2_thermo_locked_300_to60__20260713T093117597Z__4c085443/artifacts/transient_r2_locked300.plt,110,TDR_frozen_field,True,No transient Tmax or deltaT; see r2_thermal_tdr_frozen_snapshots.csv.,True
raw_plt,R2,4.04915261696e-08,40.4915261696,2500.0,0.000159424247311,0.3985606182775,4.207149907553959e-09,docs/changes/2026-07-13-igbt-seb-现有数据复盘/data/r2_plt.csv,local_runtime/igbt_seb_thermal_runs/A01_v2500_let15_y3p5_thermal__R2_thermo_locked_300_to60__20260713T093117597Z__4c085443/artifacts/transient_r2_locked300.plt,111,TDR_frozen_field,True,No transient Tmax or deltaT; see r2_thermal_tdr_frozen_snapshots.csv.,True
raw_plt,R2,4.06981366374e-08,40.6981366374,2500.0,0.000161854722087,0.40463680521749995,4.290124405255986e-09,docs/changes/2026-07-13-igbt-seb-现有数据复盘/data/r2_plt.csv,local_runtime/igbt_seb_thermal_runs/A01_v2500_let15_y3p5_thermal__R2_thermo_locked_300_to60__20260713T093117597Z__4c085443/artifacts/transient_r2_locked300.plt,112,TDR_frozen_field,True,No transient Tmax or deltaT; see r2_thermal_tdr_frozen_snapshots.csv.,True
raw_plt,R2,4.09873912924e-08,40.9873912924,2500.0,0.00016533264055,0.413331601375,4.408424989880893e-09,docs/changes/2026-07-13-igbt-seb-现有数据复盘/data/r2_plt.csv,local_runtime/igbt_seb_thermal_runs/A01_v2500_let15_y3p5_thermal__R2_thermo_locked_300_to60__20260713T093117597Z__4c085443/artifacts/transient_r2_locked300.plt,113,TDR_frozen_field,True,No transient Tmax or deltaT; see r2_thermal_tdr_frozen_snapshots.csv.,True
raw_plt,R2,4.13923478094e-08,41.3923478094,2500.0,0.000170362216861,0.4259055421525,4.578352265170857e-09,docs/changes/2026-07-13-igbt-seb-现有数据复盘/data/r2_plt.csv,local_runtime/igbt_seb_thermal_runs/A01_v2500_let15_y3p5_thermal__R2_thermo_locked_300_to60__20260713T093117597Z__4c085443/artifacts/transient_r2_locked300.plt,114,TDR_frozen_field,True,No transient Tmax or deltaT; see r2_thermal_tdr_frozen_snapshots.csv.,True
raw_plt,R2,4.19592869331e-08,41.9592869331,2500.0,0.000177809585986,0.444523964965,4.825092536174766e-09,docs/changes/2026-07-13-igbt-seb-现有数据复盘/data/r2_plt.csv,local_runtime/igbt_seb_thermal_runs/A01_v2500_let15_y3p5_thermal__R2_thermo_locked_300_to60__20260713T093117597Z__4c085443/artifacts/transient_r2_locked300.plt,115,TDR_frozen_field,True,No transient Tmax or deltaT; see r2_thermal_tdr_frozen_snapshots.csv.,True
raw_plt,R2,4.27530017064e-08,42.7530017064,2500.0,0.000188995753598,0.47248938399499996,5.189016057366194e-09,docs/changes/2026-07-13-igbt-seb-现有数据复盘/data/r2_plt.csv,local_runtime/igbt_seb_thermal_runs/A01_v2500_let15_y3p5_thermal__R2_thermo_locked_300_to60__20260713T093117597Z__4c085443/artifacts/transient_r2_locked300.plt,116,TDR_frozen_field,True,No transient Tmax or deltaT; see r2_thermal_tdr_frozen_snapshots.csv.,True
raw_plt,R2,4.38642023889e-08,43.8642023889,2500.0,0.000206254085669,0.5156352141725,5.738018421305576e-09,docs/changes/2026-07-13-igbt-seb-现有数据复盘/data/r2_plt.csv,local_runtime/igbt_seb_thermal_runs/A01_v2500_let15_y3p5_thermal__R2_thermo_locked_300_to60__20260713T093117597Z__4c085443/artifacts/transient_r2_locked300.plt,117,TDR_frozen_field,True,No transient Tmax or deltaT; see r2_thermal_tdr_frozen_snapshots.csv.,True
raw_plt,R2,4.54198833445e-08,45.4198833445,2500.0,0.000233787374816,0.58446843704,6.593723570994232e-09,docs/changes/2026-07-13-igbt-seb-现有数据复盘/data/r2_plt.csv,local_runtime/igbt_seb_thermal_runs/A01_v2500_let15_y3p5_thermal__R2_thermo_locked_300_to60__20260713T093117597Z__4c085443/artifacts/transient_r2_locked300.plt,118,TDR_frozen_field,True,No transient Tmax or deltaT; see r2_thermal_tdr_frozen_snapshots.csv.,True
raw_plt,R2,4.65088600134e-08,46.5088600134,2500.0,0.000254797975821,0.6369949395525,7.258796130506756e-09,docs/changes/2026-07-13-igbt-seb-现有数据复盘/data/r2_plt.csv,local_runtime/igbt_seb_thermal_runs/A01_v2500_let15_y3p5_thermal__R2_thermo_locked_300_to60__20260713T093117597Z__4c085443/artifacts/transient_r2_locked300.plt,119,TDR_frozen_field,True,No transient Tmax or deltaT; see r2_thermal_tdr_frozen_snapshots.csv.,True
raw_plt,R2,4.72711436817e-08,47.2711436817,2500.0,0.000270427316893,0.6760682922325001,7.759259459024217e-09,docs/changes/2026-07-13-igbt-seb-现有数据复盘/data/r2_plt.csv,local_runtime/igbt_seb_thermal_runs/A01_v2500_let15_y3p5_thermal__R2_thermo_locked_300_to60__20260713T093117597Z__4c085443/artifacts/transient_r2_locked300.plt,120,TDR_frozen_field,True,No transient Tmax or deltaT; see r2_thermal_tdr_frozen_snapshots.csv.,True
raw_plt,R2,4.78047422494e-08,47.8047422494,2500.0,0.000281830512119,0.7045762802975,8.127614442226609e-09,docs/changes/2026-07-13-igbt-seb-现有数据复盘/data/r2_plt.csv,local_runtime/igbt_seb_thermal_runs/A01_v2500_let15_y3p5_thermal__R2_thermo_locked_300_to60__20260713T093117597Z__4c085443/artifacts/transient_r2_locked300.plt,121,TDR_frozen_field,True,No transient Tmax or deltaT; see r2_thermal_tdr_frozen_snapshots.csv.,True
raw_plt,R2,4.85517802443e-08,48.5517802443,2500.0,0.000298778564812,0.74694641203,8.6697857430407e-09,docs/changes/2026-07-13-igbt-seb-现有数据复盘/data/r2_plt.csv,local_runtime/igbt_seb_thermal_runs/A01_v2500_let15_y3p5_thermal__R2_thermo_locked_300_to60__20260713T093117597Z__4c085443/artifacts/transient_r2_locked300.plt,122,TDR_frozen_field,True,No transient Tmax or deltaT; see r2_thermal_tdr_frozen_snapshots.csv.,True
raw_plt,R2,4.95976334371e-08,49.5976334371,2500.0,0.000324552351531,0.8113808788275,9.484676529326049e-09,docs/changes/2026-07-13-igbt-seb-现有数据复盘/data/r2_plt.csv,local_runtime/igbt_seb_thermal_runs/A01_v2500_let15_y3p5_thermal__R2_thermo_locked_300_to60__20260713T093117597Z__4c085443/artifacts/transient_r2_locked300.plt,123,TDR_frozen_field,True,No transient Tmax or deltaT; see r2_thermal_tdr_frozen_snapshots.csv.,True
raw_plt,R2,5e-08,50.0,2500.0,0.000334738806149,0.8368470153725,9.816272425658626e-09,docs/changes/2026-07-13-igbt-seb-现有数据复盘/data/r2_plt.csv,local_runtime/igbt_seb_thermal_runs/A01_v2500_let15_y3p5_thermal__R2_thermo_locked_300_to60__20260713T093117597Z__4c085443/artifacts/transient_r2_locked300.plt,124,TDR_frozen_field,True,No transient Tmax or deltaT; see r2_thermal_tdr_frozen_snapshots.csv.,True
raw_plt,R2,5.001e-08,50.010000000000005,2500.0,0.000334989723575,0.8374743089375,9.82464403228018e-09,docs/changes/2026-07-13-igbt-seb-现有数据复盘/data/r2_plt.csv,local_runtime/igbt_seb_thermal_runs/A01_v2500_let15_y3p5_thermal__R2_thermo_locked_300_to60__20260713T093117597Z__4c085443/artifacts/transient_r2_locked300.plt,125,TDR_frozen_field,True,No transient Tmax or deltaT; see r2_thermal_tdr_frozen_snapshots.csv.,True
raw_plt,R2,5.0024e-08,50.024,2500.0,0.0003353432707,0.83835817675,9.83637485967999e-09,docs/changes/2026-07-13-igbt-seb-现有数据复盘/data/r2_plt.csv,local_runtime/igbt_seb_thermal_runs/A01_v2500_let15_y3p5_thermal__R2_thermo_locked_300_to60__20260713T093117597Z__4c085443/artifacts/transient_r2_locked300.plt,126,TDR_frozen_field,True,No transient Tmax or deltaT; see r2_thermal_tdr_frozen_snapshots.csv.,True
raw_plt,R2,5.00436e-08,50.0436,2500.0,0.000335839620319,0.8395990507975,9.852818840509955e-09,docs/changes/2026-07-13-igbt-seb-现有数据复盘/data/r2_plt.csv,local_runtime/igbt_seb_thermal_runs/A01_v2500_let15_y3p5_thermal__R2_thermo_locked_300_to60__20260713T093117597Z__4c085443/artifacts/transient_r2_locked300.plt,127,TDR_frozen_field,True,No transient Tmax or deltaT; see r2_thermal_tdr_frozen_snapshots.csv.,True
raw_plt,R2,5.007104e-08,50.071039999999996,2500.0,0.000336536443261,0.8413411081525001,9.875881339490748e-09,docs/changes/2026-07-13-igbt-seb-现有数据复盘/data/r2_plt.csv,local_runtime/igbt_seb_thermal_runs/A01_v2500_let15_y3p5_thermal__R2_thermo_locked_300_to60__20260713T093117597Z__4c085443/artifacts/transient_r2_locked300.plt,128,TDR_frozen_field,True,No transient Tmax or deltaT; see r2_thermal_tdr_frozen_snapshots.csv.,True
raw_plt,R2,5.0109456e-08,50.109456,2500.0,0.00033751568823,0.8437892205749999,9.908249322844949e-09,docs/changes/2026-07-13-igbt-seb-现有数据复盘/data/r2_plt.csv,local_runtime/igbt_seb_thermal_runs/A01_v2500_let15_y3p5_thermal__R2_thermo_locked_300_to60__20260713T093117597Z__4c085443/artifacts/transient_r2_locked300.plt,129,TDR_frozen_field,True,No transient Tmax or deltaT; see r2_thermal_tdr_frozen_snapshots.csv.,True
raw_plt,R2,5.01632384e-08,50.1632384,2500.0,0.000338893402674,0.847233506685,9.953722953208241e-09,docs/changes/2026-07-13-igbt-seb-现有数据复盘/data/r2_plt.csv,local_runtime/igbt_seb_thermal_runs/A01_v2500_let15_y3p5_thermal__R2_thermo_locked_300_to60__20260713T093117597Z__4c085443/artifacts/transient_r2_locked300.plt,130,TDR_frozen_field,True,No transient Tmax or deltaT; see r2_thermal_tdr_frozen_snapshots.csv.,True
raw_plt,R2,5.023853376e-08,50.238533759999996,2500.0,0.000340833547873,0.8520838696825,1.0017698310012163e-08,docs/changes/2026-07-13-igbt-seb-现有数据复盘/data/r2_plt.csv,local_runtime/igbt_seb_thermal_runs/A01_v2500_let15_y3p5_thermal__R2_thermo_locked_300_to60__20260713T093117597Z__4c085443/artifacts/transient_r2_locked300.plt,131,TDR_frozen_field,True,No transient Tmax or deltaT; see r2_thermal_tdr_frozen_snapshots.csv.,True
raw_plt,R2,5.0343947264e-08,50.34394726399999,2500.0,0.000343570435288,0.85892608822,1.010788008753286e-08,docs/changes/2026-07-13-igbt-seb-现有数据复盘/data/r2_plt.csv,local_runtime/igbt_seb_thermal_runs/A01_v2500_let15_y3p5_thermal__R2_thermo_locked_300_to60__20260713T093117597Z__4c085443/artifacts/transient_r2_locked300.plt,132,TDR_frozen_field,True,No transient Tmax or deltaT; see r2_thermal_tdr_frozen_snapshots.csv.,True
raw_plt,R2,5.04915261696e-08,50.4915261696,2500.0,0.000347443291247,0.8686082281175,1.0235353899428627e-08,docs/changes/2026-07-13-igbt-seb-现有数据复盘/data/r2_plt.csv,local_runtime/igbt_seb_thermal_runs/A01_v2500_let15_y3p5_thermal__R2_thermo_locked_300_to60__20260713T093117597Z__4c085443/artifacts/transient_r2_locked300.plt,133,TDR_frozen_field,True,No transient Tmax or deltaT; see r2_thermal_tdr_frozen_snapshots.csv.,True
raw_plt,R2,5.06981366374e-08,50.6981366374,2500.0,0.000352950468861,0.8823761721525,1.0416239752453773e-08,docs/changes/2026-07-13-igbt-seb-现有数据复盘/data/r2_plt.csv,local_runtime/igbt_seb_thermal_runs/A01_v2500_let15_y3p5_thermal__R2_thermo_locked_300_to60__20260713T093117597Z__4c085443/artifacts/transient_r2_locked300.plt,134,TDR_frozen_field,True,No transient Tmax or deltaT; see r2_thermal_tdr_frozen_snapshots.csv.,True
raw_plt,R2,5.09873912924e-08,50.987391292400005,2500.0,0.000360829196164,0.90207299041,1.0674319865894802e-08,docs/changes/2026-07-13-igbt-seb-现有数据复盘/data/r2_plt.csv,local_runtime/igbt_seb_thermal_runs/A01_v2500_let15_y3p5_thermal__R2_thermo_locked_300_to60__20260713T093117597Z__4c085443/artifacts/transient_r2_locked300.plt,135,TDR_frozen_field,True,No transient Tmax or deltaT; see r2_thermal_tdr_frozen_snapshots.csv.,True
raw_plt,R2,5.13923478094e-08,51.3923478094,2500.0,0.000372196374164,0.93049093541,1.1045374218184754e-08,docs/changes/2026-07-13-igbt-seb-现有数据复盘/data/r2_plt.csv,local_runtime/igbt_seb_thermal_runs/A01_v2500_let15_y3p5_thermal__R2_thermo_locked_300_to60__20260713T093117597Z__4c085443/artifacts/transient_r2_locked300.plt,136,TDR_frozen_field,True,No transient Tmax or deltaT; see r2_thermal_tdr_frozen_snapshots.csv.,True
raw_plt,R2,5.19592869331e-08,51.959286933099996,2500.0,0.000388802378107,0.9720059452675001,1.1584674175371398e-08,docs/changes/2026-07-13-igbt-seb-现有数据复盘/data/r2_plt.csv,local_runtime/igbt_seb_thermal_runs/A01_v2500_let15_y3p5_thermal__R2_thermo_locked_300_to60__20260713T093117597Z__4c085443/artifacts/transient_r2_locked300.plt,137,TDR_frozen_field,True,No transient Tmax or deltaT; see r2_thermal_tdr_frozen_snapshots.csv.,True
raw_plt,R2,5.23561443198e-08,52.356144319799995,2500.0,0.000400753513406,1.001883783515,1.1976350535070694e-08,docs/changes/2026-07-13-igbt-seb-现有数据复盘/data/r2_plt.csv,local_runtime/igbt_seb_thermal_runs/A01_v2500_let15_y3p5_thermal__R2_thermo_locked_300_to60__20260713T093117597Z__4c085443/artifacts/transient_r2_locked300.plt,138,TDR_frozen_field,True,No transient Tmax or deltaT; see r2_thermal_tdr_frozen_snapshots.csv.,True
raw_plt,R2,5.2911744661e-08,52.911744661,2500.0,0.000418186917188,1.04546729297,1.2545105013396327e-08,docs/changes/2026-07-13-igbt-seb-现有数据复盘/data/r2_plt.csv,local_runtime/igbt_seb_thermal_runs/A01_v2500_let15_y3p5_thermal__R2_thermo_locked_300_to60__20260713T093117597Z__4c085443/artifacts/transient_r2_locked300.plt,139,TDR_frozen_field,True,No transient Tmax or deltaT; see r2_thermal_tdr_frozen_snapshots.csv.,True
raw_plt,R2,5.36895851388e-08,53.689585138800005,2500.0,0.000444031843499,1.1100796087475,1.3383440829372452e-08,docs/changes/2026-07-13-igbt-seb-现有数据复盘/data/r2_plt.csv,local_runtime/igbt_seb_thermal_runs/A01_v2500_let15_y3p5_thermal__R2_thermo_locked_300_to60__20260713T093117597Z__4c085443/artifacts/transient_r2_locked300.plt,140,TDR_frozen_field,True,No transient Tmax or deltaT; see r2_thermal_tdr_frozen_snapshots.csv.,True
raw_plt,R2,5.42340734733e-08,54.2340734733,2500.0,0.000462813258684,1.1570331467100001,1.4000649053543831e-08,docs/changes/2026-07-13-igbt-seb-现有数据复盘/data/r2_plt.csv,local_runtime/igbt_seb_thermal_runs/A01_v2500_let15_y3p5_thermal__R2_thermo_locked_300_to60__20260713T093117597Z__4c085443/artifacts/transient_r2_locked300.plt,141,TDR_frozen_field,True,No transient Tmax or deltaT; see r2_thermal_tdr_frozen_snapshots.csv.,True
raw_plt,R2,5.49963571415e-08,54.9963571415,2500.0,0.000490605853454,1.2265146336350001,1.4909118826209505e-08,docs/changes/2026-07-13-igbt-seb-现有数据复盘/data/r2_plt.csv,local_runtime/igbt_seb_thermal_runs/A01_v2500_let15_y3p5_thermal__R2_thermo_locked_300_to60__20260713T093117597Z__4c085443/artifacts/transient_r2_locked300.plt,142,TDR_frozen_field,True,No transient Tmax or deltaT; see r2_thermal_tdr_frozen_snapshots.csv.,True
raw_plt,R2,5.52631564254e-08,55.2631564254,2500.0,0.000500482405448,1.25120601362,1.523964587340544e-08,docs/changes/2026-07-13-igbt-seb-现有数据复盘/data/r2_plt.csv,local_runtime/igbt_seb_thermal_runs/A01_v2500_let15_y3p5_thermal__R2_thermo_locked_300_to60__20260713T093117597Z__4c085443/artifacts/transient_r2_locked300.plt,143,TDR_frozen_field,True,No transient Tmax or deltaT; see r2_thermal_tdr_frozen_snapshots.csv.,True
raw_plt,R2,5.56366754228e-08,55.636675422799996,2500.0,0.000514685252409,1.2867131310225002,1.5713626380600008e-08,docs/changes/2026-07-13-igbt-seb-现有数据复盘/data/r2_plt.csv,local_runtime/igbt_seb_thermal_runs/A01_v2500_let15_y3p5_thermal__R2_thermo_locked_300_to60__20260713T093117597Z__4c085443/artifacts/transient_r2_locked300.plt,144,TDR_frozen_field,True,No transient Tmax or deltaT; see r2_thermal_tdr_frozen_snapshots.csv.,True
raw_plt,R2,5.61596020192e-08,56.1596020192,2500.0,0.00053532517536,1.3383129383999999,1.63999743545722e-08,docs/changes/2026-07-13-igbt-seb-现有数据复盘/data/r2_plt.csv,local_runtime/igbt_seb_thermal_runs/A01_v2500_let15_y3p5_thermal__R2_thermo_locked_300_to60__20260713T093117597Z__4c085443/artifacts/transient_r2_locked300.plt,145,TDR_frozen_field,True,No transient Tmax or deltaT; see r2_thermal_tdr_frozen_snapshots.csv.,True
raw_plt,R2,5.68916992542e-08,56.8916992542,2500.0,0.000565771144545,1.4144278613624999,1.7407611318661105e-08,docs/changes/2026-07-13-igbt-seb-现有数据复盘/data/r2_plt.csv,local_runtime/igbt_seb_thermal_runs/A01_v2500_let15_y3p5_thermal__R2_thermo_locked_300_to60__20260713T093117597Z__4c085443/artifacts/transient_r2_locked300.plt,146,TDR_frozen_field,True,No transient Tmax or deltaT; see r2_thermal_tdr_frozen_snapshots.csv.,True
raw_plt,R2,5.79166353832e-08,57.9166353832,2500.0,0.000611633042704,1.52908260676,1.8916066431095337e-08,docs/changes/2026-07-13-igbt-seb-现有数据复盘/data/r2_plt.csv,local_runtime/igbt_seb_thermal_runs/A01_v2500_let15_y3p5_thermal__R2_thermo_locked_300_to60__20260713T093117597Z__4c085443/artifacts/transient_r2_locked300.plt,147,TDR_frozen_field,True,No transient Tmax or deltaT; see r2_thermal_tdr_frozen_snapshots.csv.,True
raw_plt,R2,5.93515459637e-08,59.3515459637,2500.0,0.00068280878496,1.7070219624,2.1237826774041374e-08,docs/changes/2026-07-13-igbt-seb-现有数据复盘/data/r2_plt.csv,local_runtime/igbt_seb_thermal_runs/A01_v2500_let15_y3p5_thermal__R2_thermo_locked_300_to60__20260713T093117597Z__4c085443/artifacts/transient_r2_locked300.plt,148,TDR_frozen_field,True,No transient Tmax or deltaT; see r2_thermal_tdr_frozen_snapshots.csv.,True
raw_plt,R2,6e-08,59.99999999999999,2500.0,0.000716173333657,1.7904333341425,2.237179627595226e-08,docs/changes/2026-07-13-igbt-seb-现有数据复盘/data/r2_plt.csv,local_runtime/igbt_seb_thermal_runs/A01_v2500_let15_y3p5_thermal__R2_thermo_locked_300_to60__20260713T093117597Z__4c085443/artifacts/transient_r2_locked300.plt,149,TDR_frozen_field,True,No transient Tmax or deltaT; see r2_thermal_tdr_frozen_snapshots.csv.,True
